Date,Close,Volume,Open,High,Low,ID
04/19/2024,14705.0,87074500,14897.0,15094.0,14622.0,TSLA
04/18/2024,14993.0,96098830,15125.0,15220.0,14870.0,TSLA
04/17/2024,15545.0,82439720,15764.0,15833.0,15378.0,TSLA
04/16/2024,15711.0,96999960,156742.0,15819.0,15375.0,TSLA
04/15/2024,16148.0,100245300,17024.0,17069.0,16138.0,TSLA
04/12/2024,17105.0,64722670,17234.0,1738099.0,1703644.0,TSLA
04/11/2024,17460.0,94515990,17255.0,17588.0,16851.0,TSLA
04/10/2024,17176.0,84532410,17304.0,17493.0,17001.0,TSLA
04/09/2024,17688.0,103232700,17291.0,17922.0,17192.0,TSLA
04/08/2024,17298.0,104423300,16934.0,17450.0,16779.0,TSLA
04/05/2024,16490.0,143157600,16908.0,17086.0,16051.0,TSLA
04/04/2024,17111.0,123162000,17007.0,17719.0,16801.0,TSLA
04/03/2024,16838.0,82950140,16402.0,16882.0,16328.0,TSLA
04/02/2024,16663.0,116650600,16475.0,16769.0,16343.0,TSLA
04/01/2024,17522.0,81562130,17617.0,17675.0,17021.0,TSLA
03/28/2024,17579.0,77654840,17745.0,17957.0,17530.0,TSLA
03/27/2024,17983.0,81804040,18141.0,18191.0,17600.0,TSLA
03/26/2024,17767.0,113186200,17858.0,18425.0,17738.0,TSLA
03/25/2024,17263.0,74228620,16876.0,17524.0,16873.0,TSLA
03/22/2024,17083.0,75580640,16669.0,17120.0,16630.0,TSLA
03/21/2024,17282.0,73178010,17639.0,17818.0,17180.0,TSLA
03/20/2024,17566.0,83846730,17300.0,17625.0,17082.0,TSLA
03/19/2024,17132.0,77271430,17236.0,17282.0,16742.0,TSLA
03/18/2024,17380.0,108214400,17002.0,17472.0,16590.0,TSLA
03/15/2024,16357.0,97146830,16316.0,1651845.0,16076.0,TSLA
03/14/2024,16250.0,126325700,16777.0,17117.0,16051.0,TSLA
03/13/2024,16948.0,106524500,17305.0,17605.0,16915.0,TSLA
03/12/2024,17754.0,87391680,17777.0,17943.0,1724101.0,TSLA
03/11/2024,17777.0,85391530,175445.0,18287.0,17480.0,TSLA
03/08/2024,17534.0,85544640,18150.0,18273.0,17470.0,TSLA
03/07/2024,17865.0,102129000,17435.0,18004.0,17370.0,TSLA
03/06/2024,17654.0,107920900,17999.0,181576.0,17370.0,TSLA
03/05/2024,18074.0,119660800,18305.0,18459.0,17757.0,TSLA
03/04/2024,18814.0,134334900,19873.0,19975.0,18672.0,TSLA
03/01/2024,20264.0,82243120,20052.0,20452.0,19850.0,TSLA
02/29/2024,20188.0,85906970,20418.0,20528.0,1984463.0,TSLA
02/28/2024,20204.0,99806170,20042.0,20530.0,19844.0,TSLA
02/27/2024,19973.0,108645400,20404.0,20560.0,19826.0,TSLA
02/26/2024,19940.0,111747100,19229.0,20178.0,19200.0,TSLA
02/23/2024,19197.0,78841920,19531.0,19757.0,19150.0,TSLA
02/22/2024,19741.0,92739460,19400.0,19832.0,19136.0,TSLA
02/21/2024,19477.0,103844000,19336.0,19944.0,19195.0,TSLA
02/20/2024,19376.0,104545800,19613.0,19860.0,18913.0,TSLA
02/16/2024,19995.0,111346700,20206.0,20317.0,19740.0,TSLA
02/15/2024,20045.0,120831800,18916.0,20088.0,1888595.0,TSLA
02/14/2024,18871.0,81202990,18530.0,18889.0,18335.0,TSLA
02/13/2024,18402.0,86759480,18399.0,18726.0,1821087.0,TSLA
02/12/2024,18813.0,95498600,19211.0,19473.0,18728.0,TSLA
02/09/2024,19357.0,84476350,19018.0,19412.0,18948.0,TSLA
02/08/2024,18956.0,83034040,18900.0,1916171.0,18558.0,TSLA
02/07/2024,18758.0,111535200,18818.0,18979.0,18268.0,TSLA
02/06/2024,18510.0,122676000,17721.0,18649.0,17711.0,TSLA
02/05/2024,18106.0,134294400,18426.0,18468.0,17501.0,TSLA
02/02/2024,18791.0,110612700,18504.0,18869.0,18200.0,TSLA
02/01/2024,18886.0,91843280,18850.0,18988.0,18428.0,TSLA
01/31/2024,18729.0,103221400,186995.0,19397.0,1858459.0,TSLA
01/30/2024,19159.0,109982300,19533.0,1963593.0,19061.0,TSLA
01/29/2024,19093.0,125013100,18563.0,19148.0,18367.0,TSLA
01/26/2024,18325.0,107343200,18550.0,18678.0,18210.0,TSLA
01/25/2024,18263.0,198076800,18970.0,19300.0,18006.0,TSLA
01/24/2024,20783.0,123369900,21188.0,21273.0,20677.0,TSLA
01/23/2024,20914.0,106605900,21130.0,21565.0,2077516.0,TSLA
01/22/2024,20880.0,117952500,21226.0,21780.0,20627.0,TSLA
01/19/2024,21219.0,102260300,20999.0,21319.0,20756.0,TSLA
01/18/2024,21188.0,108595400,21688.0,21745.0,20874.0,TSLA
01/17/2024,21555.0,103164400,21486.0,21567.0,21201.0,TSLA
01/16/2024,21991.0,115355000,21510.0,22349.0,21218.0,TSLA
01/12/2024,21889.0,123043800,22008.0,22534.0,2171501.0,TSLA
01/11/2024,22722.0,105873600,23057.0,23093.0,22537.0,TSLA
01/10/2024,23394.0,91628500,23510.0,23550.0,23129.0,TSLA
01/09/2024,23496.0,96705660,23811.0,2389646.0,23204.0,TSLA
01/08/2024,24045.0,85166580,23614.0,24125.0,23530.0,TSLA
01/05/2024,23749.0,92488940,23686.0,2401196.0,2349001.0,TSLA
01/04/2024,23793.0,102629300,23925.0,24270.0,23773.0,TSLA
01/03/2024,23845.0,121082600,24498.0,24568.0,23632.0,TSLA
01/02/2024,24842.0,104654200,25008.0,25125.0,24441.0,TSLA
12/29/2023,24848.0,100891600,25510.0,25519.0,24743.0,TSLA
12/28/2023,25318.0,113619900,26366.0,26513.0,25271.0,TSLA
12/27/2023,26144.0,106494400,25835.0,26334.0,25752.0,TSLA
12/26/2023,25661.0,86892380,25449.0,25797.0,25291.0,TSLA
12/22/2023,25254.0,93370090,25676.0,25822.0,25137.0,TSLA
12/21/2023,25450.0,109594200,25190.0,2547999.0,24855.0,TSLA
12/20/2023,24714.0,125097000,25641.0,25984.0,24700.0,TSLA
12/19/2023,25722.0,106737400,25348.0,2583399.0,25301.0,TSLA
12/18/2023,25208.0,116416500,25378.0,25874.0,25136.0,TSLA
12/15/2023,25350.0,135932800,25121.0,25413.0,24830.0,TSLA
12/14/2023,25105.0,160829200,24122.0,25388.0,24079.0,TSLA
12/13/2023,23929.0,146286300,23419.0,24030.0,22820.0,TSLA
12/12/2023,23701.0,95328310,23855.0,23899.0,23387.0,TSLA
12/11/2023,23974.0,97913890,24274.0,243441.0,23745.0,TSLA
12/08/2023,24384.0,103126800,24027.0,24527.0,2392701.0,TSLA
12/07/2023,24264.0,107142300,24155.0,24408.0,23698.0,TSLA
12/06/2023,23937.0,126436200,24292.0,24657.0,2391709.0,TSLA
12/05/2023,23872.0,137971100,23387.0,24666.0,23370.0,TSLA
12/04/2023,23558.0,104099800,23575.0,2393733.0,2332902.0,TSLA
12/01/2023,23883.0,121331700,23314.0,24019.0,23190.0,TSLA
11/30/2023,24008.0,132353200,24514.0,24522.0,23691.0,TSLA
11/29/2023,24414.0,135401300,24921.0,25275.0,24276.0,TSLA
11/28/2023,24672.0,148549900,23668.0,24700.0,23401.0,TSLA
11/27/2023,23608.0,112031800,23689.0,23833.0,23210.0,TSLA
11/24/2023,23545.0,65125200,23375.0,23875.0,23233.0,TSLA
11/22/2023,23421.0,118117100,24204.0,24401.0,23140.0,TSLA
11/21/2023,24120.0,122288000,23504.0,24362.0,23334.0,TSLA
11/20/2023,23560.0,116562400,23404.0,23710.0,23102.0,TSLA
11/17/2023,23430.0,142766200,23200.0,23739.0,22654.0,TSLA
11/16/2023,23359.0,136816800,23949.0,24088.0,23096.0,TSLA
11/15/2023,24284.0,150354000,23929.0,24670.0,23645.0,TSLA
11/14/2023,23741.0,149771600,23503.0,238135.0,23072.0,TSLA
11/13/2023,22371.0,140447600,21560.0,22540.0,2116101.0,TSLA
11/10/2023,21465.0,131310100,21003.0,21538.0,20569.0,TSLA
11/09/2023,20998.0,142110500,21975.0,22080.0,20668.0,TSLA
11/08/2023,22211.0,106584800,22315.0,22415.0,21764.0,TSLA
11/07/2023,22218.0,116900100,21998.0,22312.0,21572.0,TSLA
11/06/2023,21927.0,117335800,22398.0,22632.0,21500.0,TSLA
11/03/2023,21996.0,119534800,22115.0,2263701.0,21840.0,TSLA
11/02/2023,21851.0,125987600,21297.0,21920.0,21145.0,TSLA
11/01/2023,20566.0,121661700,20404.0,20599.0,19785.0,TSLA
10/31/2023,20084.0,118068300,19612.0,20280.0,19407.0,TSLA
10/30/2023,19736.0,136448200,20928.0,21088.0,19467.0,TSLA
10/27/2023,20730.0,94881170,21060.0,21241.0,20577.0,TSLA
10/26/2023,20576.0,115112600,21132.0,21480.0,20488.0,TSLA
10/25/2023,21242.0,107065100,21588.0,22010.0,21220.0,TSLA
10/24/2023,21652.0,118231100,21650.0,22205.0,21411.0,TSLA
10/23/2023,21208.0,150683400,21000.0,21698.0,20251.0,TSLA
10/20/2023,21199.0,138010100,21701.0,2188606.0,21042.0,TSLA
10/19/2023,22011.0,170772700,22595.0,23061.0,21678.0,TSLA
10/18/2023,24268.0,125147800,25270.0,25463.0,24208.0,TSLA
10/17/2023,25485.0,93562910,25010.0,257183.0,24708.0,TSLA
10/16/2023,25392.0,88917180,25005.0,2553999.0,24848.0,TSLA
10/13/2023,25112.0,102296800,25890.0,25960.0,25022.0,TSLA
10/12/2023,25887.0,111508100,26292.0,26541.0,2566307.0,TSLA
10/11/2023,26299.0,103706300,26620.0,26860.0,26090.0,TSLA
10/10/2023,26362.0,122656000,25775.0,26894.0,25765.0,TSLA
10/09/2023,25967.0,101377900,25531.0,26136.0,25205.0,TSLA
10/06/2023,26053.0,118121800,25398.0,26165.0,25065.0,TSLA
10/05/2023,26005.0,119159200,26000.0,26360.0,25625.0,TSLA
10/04/2023,26116.0,129721600,24814.0,26186.0,24760.0,TSLA
10/03/2023,24653.0,101985300,24861.0,25002.0,24445.0,TSLA
10/02/2023,25160.0,123810400,24481.0,2542799.0,24262.0,TSLA
09/29/2023,25022.0,128522700,25000.0,25477.0,24635.0,TSLA
09/28/2023,24638.0,117058900,24002.0,24755.0,23865.0,TSLA
09/27/2023,24050.0,136597200,244262.0,24533.0,23458.0,TSLA
09/26/2023,24412.0,101993600,24298.0,24955.0,2416601.0,TSLA
09/25/2023,24699.0,104636600,24338.0,24710.0,23831.0,TSLA
09/22/2023,24488.0,127524100,25740.0,2577888.0,24448.0,TSLA
09/21/2023,25570.0,119951500,25785.0,26086.0,25421.0,TSLA
09/20/2023,26259.0,122514600,26704.0,27393.0,2624606.0,TSLA
09/19/2023,26650.0,103704000,26435.0,26785.0,26120.0,TSLA
09/18/2023,26528.0,101543300,27116.0,27144.0,2637601.0,TSLA
09/15/2023,27439.0,133692300,27755.0,27898.0,27100.0,TSLA
09/14/2023,27604.0,107709800,27132.0,2767094.0,27042.0,TSLA
09/13/2023,27130.0,111673700,27007.0,27498.0,26810.0,TSLA
09/12/2023,26748.0,135999900,27076.0,27839.0,26660.0,TSLA
09/11/2023,27358.0,174667900,26427.0,27485.0,26061.0,TSLA
09/08/2023,24850.0,118559600,25122.0,25652.0,24667.0,TSLA
09/07/2023,25149.0,115312900,24507.0,25281.0,243265.0,TSLA
09/06/2023,25192.0,116959800,255135.0,25539.0,24506.0,TSLA
09/05/2023,25649.0,129469600,24500.0,25800.0,24486.0,TSLA
09/01/2023,24501.0,132541600,25726.0,2590794.0,24201.0,TSLA
08/31/2023,25808.0,108861700,25598.0,26118.0,25505.0,TSLA
08/30/2023,25690.0,121988400,25420.0,26051.0,25059.0,TSLA
08/29/2023,25718.0,134047600,23858.0,25748.0,23777.0,TSLA
08/28/2023,23882.0,107673700,24258.0,24438.0,23535.0,TSLA
08/25/2023,23859.0,106612200,23131.0,23900.0,23035.0,TSLA
08/24/2023,23004.0,99777430,23866.0,23892.0,2281801.0,TSLA
08/23/2023,23686.0,101077600,22934.0,23898.0,22929.0,TSLA
08/22/2023,23319.0,130597900,24025.0,24082.0,22955.0,TSLA
08/21/2023,23128.0,135702700,2215512.0,2321343.0,22058.0,TSLA
08/18/2023,21549.0,136276600,21412.0,21758.0,21236.0,TSLA
08/17/2023,21922.0,120718400,22606.0,22674.0,21883.0,TSLA
08/16/2023,22560.0,112484500,22802.0,23397.0,22538.0,TSLA
08/15/2023,23296.0,88197600,23873.0,24050.0,23261.0,TSLA
08/14/2023,23976.0,98595330,23570.0,24066.0,23375.0,TSLA
08/11/2023,24265.0,99038640,24177.0,24379.0,23802.0,TSLA
08/10/2023,24534.0,109498600,24540.0,25180.0,24300.0,TSLA
08/09/2023,24219.0,101596300,25087.0,25110.0,24190.0,TSLA
08/08/2023,24970.0,96642180,24745.0,25092.0,24501.0,TSLA
08/07/2023,25145.0,111097900,25145.0,2536511.0,24276.0,TSLA
08/04/2023,25386.0,99539910,26097.0,26477.0,25311.0,TSLA
08/03/2023,25932.0,97829550,25204.0,26049.0,25200.0,TSLA
08/02/2023,25411.0,101752900,25557.0,25952.0,25049.0,TSLA
08/01/2023,26107.0,83645720,26626.0,26647.0,26025.0,TSLA
07/31/2023,26743.0,84582170,26748.0,26908.0,26378.0,TSLA
07/28/2023,26644.0,111446000,25986.0,26725.0,2582312.0,TSLA
07/27/2023,25571.0,103697300,26831.0,26913.0,25530.0,TSLA
07/26/2023,26435.0,95856180,26325.0,26804.0,26175.0,TSLA
07/25/2023,26528.0,112757300,27238.0,27290.0,26500.0,TSLA
07/24/2023,26906.0,137005000,25585.0,26985.0,25412.0,TSLA
07/21/2023,26002.0,161796100,26800.0,26800.0,25580.0,TSLA
07/20/2023,26290.0,175158300,27956.0,28093.0,26120.0,TSLA
07/19/2023,29126.0,142355400,29604.0,29929.0,2895201.0,TSLA
07/18/2023,29334.0,112434700,29015.0,29526.0,28601.0,TSLA
07/17/2023,29038.0,131569600,286625.0,29223.0,28357.0,TSLA
07/14/2023,28138.0,120062400,27701.0,28530.0,27631.0,TSLA
07/13/2023,27790.0,112681500,27459.0,27945.0,27060.0,TSLA
07/12/2023,27199.0,95672140,276325.0,27652.0,27146.0,TSLA
07/11/2023,26979.0,91972360,26865.0,27090.0,26637.0,TSLA
07/10/2023,26961.0,119425400,27647.0,27752.0,26510.0,TSLA
07/07/2023,27443.0,113879200,27843.0,28078.0,27377.0,TSLA
07/06/2023,27654.0,120707400,27809.0,27997.0,27288.0,TSLA
07/05/2023,28248.0,131530900,27882.0,28385.0,27760.0,TSLA
07/03/2023,27982.0,118999000,27649.0,28425.0,27511.0,TSLA
06/30/2023,26177.0,112620800,26060.0,26445.0,25989.0,TSLA
06/29/2023,25750.0,131283400,25803.0,26074.0,25361.0,TSLA
06/28/2023,25624.0,159770800,24970.0,25988.0,24889.0,TSLA
06/27/2023,25021.0,164968200,24324.0,2503899.0,24085.0,TSLA
06/26/2023,24105.0,179990600,250065.0,25837.0,24070.0,TSLA
06/23/2023,25660.0,177460800,25929.0,26245.0,25280.0,TSLA
06/22/2023,26461.0,166875900,25077.0,26500.0,24825.0,TSLA
06/21/2023,25946.0,211797100,27513.0,27699.0,25778.0,TSLA
06/20/2023,27445.0,165611200,26150.0,27475.0,26112.0,TSLA
06/16/2023,26054.0,167915600,25892.0,26360.0,2572091.0,TSLA
06/15/2023,25590.0,160171200,24840.0,25895.0,24729.0,TSLA
06/14/2023,25679.0,170575500,26017.0,26157.0,25050.0,TSLA
06/13/2023,25871.0,162384300,25351.0,25968.0,25134.0,TSLA
06/12/2023,24983.0,150740500,24794.0,25097.0,24459.0,TSLA
06/09/2023,24440.0,200242400,24907.0,25242.0,24202.0,TSLA
06/08/2023,23486.0,164489700,22422.0,23523.0,22301.0,TSLA
06/07/2023,22457.0,185710800,22800.0,2308296.0,22320.0,TSLA
06/06/2023,22131.0,146911600,21614.0,22191.0,21253.0,TSLA
06/05/2023,21761.0,151143100,21780.0,22129.0,21452.0,TSLA
06/02/2023,21397.0,164398400,21015.0,21725.0,209752.0,TSLA
06/01/2023,20752.0,148029900,20259.0,20980.0,19937.0,TSLA
05/31/2023,20393.0,150711700,19978.0,20395.0,19512.0,TSLA
05/30/2023,20116.0,128818700,20010.0,20448.0,19753.0,TSLA
05/26/2023,19317.0,162061500,18462.0,19860.0,18453.0,TSLA
05/25/2023,18447.0,96870720,18654.0,18678.0,18058.0,TSLA
05/24/2023,18290.0,137605100,18223.0,18422.0,17822.0,TSLA
05/23/2023,18577.0,156952100,18620.0,19296.0,18526.0,TSLA
05/22/2023,18887.0,132001400,18070.0,18932.0,18011.0,TSLA
05/19/2023,18014.0,136196700,17717.0,18195.0,17631.0,TSLA
05/18/2023,17689.0,109520300,17422.0,17706.0,17245.0,TSLA
05/17/2023,17386.0,125473600,16841.0,17450.0,167185.0,TSLA
05/16/2023,16652.0,98288790,16565.0,1695184.0,16435.0,TSLA
05/15/2023,16635.0,105592500,167655.0,16976.0,1645499.0,TSLA
05/12/2023,16798.0,157849600,17607.0,17738.0,16723.0,TSLA
05/11/2023,17208.0,103889900,16870.0,17357.0,16679.0,TSLA
05/10/2023,16854.0,119840700,17255.0,17443.0,16668.0,TSLA
05/09/2023,16915.0,88965040,16895.0,16982.0,16656.0,TSLA
05/08/2023,17179.0,112249400,17372.0,17380.0,16919.0,TSLA
05/05/2023,17006.0,107607300,16397.0,1707899.0,16351.0,TSLA
05/04/2023,16120.0,95108490,16271.0,16295.0,15965.0,TSLA
05/03/2023,16061.0,119728000,16001.0,16500.0,15991.0,TSLA
05/02/2023,16031.0,128259700,16188.0,16549.0,15893.0,TSLA
05/01/2023,16183.0,109015000,16317.0,16328.0,15883.0,TSLA
04/28/2023,16431.0,122515800,16090.0,16500.0,15732.0,TSLA
04/27/2023,16019.0,127015200,15264.0,16048.0,15237.0,TSLA
04/26/2023,15375.0,153364100,16029.0,16067.0,15314.0,TSLA
04/25/2023,16067.0,121999300,15982.0,16347.0,15875.0,TSLA
04/24/2023,16255.0,140006600,16465.0,16565.0,15861.0,TSLA
04/21/2023,16508.0,123539000,16480.0,16600.0,1613208.0,TSLA
04/20/2023,16299.0,210970800,166165.0,16970.0,16056.0,TSLA
04/19/2023,18059.0,125732700,17910.0,18350.0,17765.0,TSLA
04/18/2023,18431.0,92067020,18715.0,18769.0,1835775.0,TSLA
04/17/2023,18704.0,116662200,18632.0,18969.0,18269.0,TSLA
04/14/2023,18500.0,96438660,18395.0,18628.0,18201.0,TSLA
04/13/2023,18590.0,112933000,182955.0,18650.0,18094.0,TSLA
04/12/2023,18054.0,150256300,19074.0,1915846.0,18031.0,TSLA
04/11/2023,18679.0,115770900,18669.0,18919.0,1856475.0,TSLA
04/10/2023,18451.0,142154600,17994.0,18510.0,17611.0,TSLA
04/06/2023,18506.0,123857900,18308.0,18639.0,17974.0,TSLA
04/05/2023,18552.0,133882500,190515.0,19068.0,18376.0,TSLA
04/04/2023,19258.0,126463800,19732.0,1987446.0,19032.0,TSLA
04/03/2023,19477.0,169545900,19991.0,2026897.0,19220.0,TSLA
03/31/2023,20746.0,170222100,19753.0,20779.0,19720.0,TSLA
03/30/2023,19528.0,110252200,19558.0,19733.0,19442.0,TSLA
03/29/2023,19388.0,123660000,19313.0,19529.0,18944.0,TSLA
03/28/2023,18919.0,98654640,19200.0,19235.0,18543.0,TSLA
03/27/2023,19181.0,120851600,194415.0,19739.0,18994.0,TSLA
03/24/2023,19041.0,116531600,19165.0,19236.0,18715.0,TSLA
03/23/2023,19222.0,144193900,19526.0,19931.0,18865.0,TSLA
03/22/2023,19115.0,150376400,19930.0,20066.0,19095.0,TSLA
03/21/2023,19758.0,153391400,18828.0,19800.0,18804.0,TSLA
03/20/2023,18325.0,129684400,17808.0,18644.0,17635.0,TSLA
03/17/2023,18013.0,133197100,184515.0,1862199.0,17733.0,TSLA
03/16/2023,18413.0,121374500,180365.0,18581.0,17884.0,TSLA
03/15/2023,18045.0,145995600,18080.0,18234.0,17603.0,TSLA
03/14/2023,18326.0,143717900,17731.0,18380.0,1771401.0,TSLA
03/13/2023,17448.0,167790300,167455.0,17735.0,16391.0,TSLA
03/10/2023,17344.0,191488900,17513.0,17829.0,16844.0,TSLA
03/09/2023,17292.0,170023800,18025.0,18518.0,1725124.0,TSLA
03/08/2023,18200.0,151897800,18504.0,18650.0,18000.0,TSLA
03/07/2023,18771.0,148125800,19138.0,19420.0,18610.0,TSLA
03/06/2023,19381.0,128100100,19854.0,19860.0,19230.0,TSLA
03/03/2023,19779.0,154193300,194795.0,20048.0,19288.0,TSLA
03/02/2023,19090.0,181979200,18674.0,1937499.0,18601.0,TSLA
03/01/2023,20277.0,156852800,20621.0,20720.0,19852.0,TSLA
02/28/2023,20571.0,153144900,21059.0,21123.0,20375.0,TSLA
02/27/2023,20763.0,161028300,20203.0,20942.0,20126.0,TSLA
02/24/2023,19688.0,142228100,196325.0,1976695.0,19280.0,TSLA
02/23/2023,20207.0,146360000,20391.0,20514.0,19633.0,TSLA
02/22/2023,20086.0,191828500,19793.0,20199.0,19178.0,TSLA
02/21/2023,19737.0,180018600,20499.0,20971.0,19722.0,TSLA
02/17/2023,20831.0,213738500,199985.0,20844.0,19750.0,TSLA
02/16/2023,20204.0,229586500,21078.0,21765.0,20184.0,TSLA
02/15/2023,21424.0,182108600,211755.0,21466.0,20611.0,TSLA
02/14/2023,20925.0,216455700,19194.0,20982.0,18944.0,TSLA
02/13/2023,19464.0,172475500,194415.0,19630.0,18761.0,TSLA
02/10/2023,19689.0,204754100,202225.0,20620.0,19289.0,TSLA
02/09/2023,20732.0,215431400,207775.0,21400.0,20477.0,TSLA
02/08/2023,20129.0,180673600,19610.0,20300.0,19431.0,TSLA
02/07/2023,19681.0,186010300,19643.0,19750.0,18955.0,TSLA
02/06/2023,19476.0,186188100,19301.0,19817.0,18992.0,TSLA
02/03/2023,18998.0,232662000,18395.0,19900.0,18369.0,TSLA
02/02/2023,18827.0,217448300,187325.0,1967501.0,18261.0,TSLA
02/01/2023,18141.0,213806300,17389.0,183805.0,16993.0,TSLA
01/31/2023,17322.0,196813500,16457.0,17430.0,16278.0,TSLA
01/30/2023,16666.0,230878800,17805.0,17977.0,16650.0,TSLA
01/27/2023,17790.0,306590600,16243.0,18068.0,16117.0,TSLA
01/26/2023,16027.0,234815100,159965.0,16142.0,15476.0,TSLA
01/25/2023,14443.0,192734300,141905.0,14641.0,13807.0,TSLA
01/24/2023,14389.0,158699100,14300.0,14650.0,14110.0,TSLA
01/23/2023,14375.0,203119200,13587.0,1453793.0,13427.0,TSLA
01/20/2023,13342.0,138858100,12868.0,13351.0,1273466.0,TSLA
01/19/2023,12717.0,170291900,12726.0,12999.0,1243082.0,TSLA
01/18/2023,12878.0,195680300,136555.0,13668.0,12701.0,TSLA
01/17/2023,13149.0,186477000,125695.0,13170.0,12502.0,TSLA
01/13/2023,12240.0,180714100,11655.0,12263.0,11560.0,TSLA
01/12/2023,12356.0,169400900,12256.0,1241311.0,11700.0,TSLA
01/11/2023,12322.0,183810800,12209.0,12595.0,12051.0,TSLA
01/10/2023,11885.0,167642500,12107.0,12276.0,11492.0,TSLA
01/09/2023,11977.0,190284000,11896.0,12352.0,11711.0,TSLA
01/06/2023,11306.0,220911100,10300.0,11439.0,10181.0,TSLA
01/05/2023,11034.0,157986300,11051.0,11175.0,1071601.0,TSLA
01/04/2023,11364.0,180389000,10911.0,11459.0,10752.0,TSLA
01/03/2023,10810.0,231402800,11847.0,11880.0,10464.0,TSLA
12/30/2022,12318.0,157777300,11995.0,12448.0,11975.0,TSLA
12/29/2022,12182.0,221923300,120385.0,12357.0,117495.0,TSLA
12/28/2022,11271.0,221070500,11035.0,11627.0,10824.0,TSLA
12/27/2022,10910.0,208643400,117495.0,11967.0,10876.0,TSLA
12/23/2022,12315.0,166989700,12637.0,1286173.0,12102.0,TSLA
12/22/2022,12535.0,210090300,13600.0,13663.0,12226.0,TSLA
12/21/2022,13757.0,145417400,139335.0,14126.0,13589.0,TSLA
12/20/2022,13780.0,159563300,14605.0,14847.0,13766.0,TSLA
12/19/2022,14987.0,139390600,15400.0,15525.0,14582.0,TSLA
12/16/2022,15023.0,139032200,159635.0,16099.0,15004.0,TSLA
12/15/2022,15767.0,122334500,15344.0,1609299.0,15328.0,TSLA
12/14/2022,15680.0,140682300,15925.0,16162.0,15531.0,TSLA
12/13/2022,16095.0,175862700,17487.0,17505.0,15691.0,TSLA
12/12/2022,16782.0,109794500,17610.0,17737.0,16752.0,TSLA
12/09/2022,17905.0,104872300,17384.0,18250.0,17336.0,TSLA
12/08/2022,17344.0,97624490,17220.0,17520.0,16906.0,TSLA
12/07/2022,17404.0,84213280,17503.0,17938.0,172218.0,TSLA
12/06/2022,17982.0,92150820,181215.0,18365.0,17533.0,TSLA
12/05/2022,18245.0,93122670,18944.0,19127.0,18055.0,TSLA
12/02/2022,19486.0,73645920,19178.0,19625.0,19111.0,TSLA
12/01/2022,19470.0,80046210,19708.0,19892.0,19180.0,TSLA
11/30/2022,19470.0,109186400,18243.0,19476.0,1806301.0,TSLA
11/29/2022,18083.0,83357110,18499.0,18638.0,17875.0,TSLA
11/28/2022,18292.0,93038150,17996.0,18850.0,17900.0,TSLA
11/25/2022,18286.0,50672740,18506.0,18520.0,18063.0,TSLA
11/23/2022,18320.0,109536700,17357.0,18362.0,17250.0,TSLA
11/22/2022,16991.0,78452330,16863.0,17092.0,166185.0,TSLA
11/21/2022,16787.0,92882710,17585.0,17677.0,16754.0,TSLA
11/18/2022,18019.0,76048870,18505.0,18519.0,17655.0,TSLA
11/17/2022,18317.0,64335970,18396.0,18616.0,18090.0,TSLA
11/16/2022,18692.0,66567600,19151.0,19257.0,18566.0,TSLA
11/15/2022,19442.0,91293790,19588.0,2008237.0,19206.0,TSLA
11/14/2022,19095.0,92226650,19277.0,19573.0,18634.0,TSLA
11/11/2022,19597.0,114403600,18600.0,19652.0,18259.0,TSLA
11/10/2022,19072.0,132703000,18990.0,19100.0,18003.0,TSLA
11/09/2022,17759.0,127062700,190775.0,19589.0,17712.0,TSLA
11/08/2022,19130.0,128803400,19402.0,19520.0,18675.0,TSLA
11/07/2022,19708.0,93916520,20865.0,20890.0,19666.0,TSLA
11/04/2022,20747.0,98622210,22260.0,22380.0,20308.0,TSLA
11/03/2022,21531.0,56538850,21136.0,22120.0,21014.0,TSLA
11/02/2022,21498.0,63070290,22604.0,2278699.0,21482.0,TSLA
11/01/2022,22782.0,62688820,23405.0,2373951.0,22728.0,TSLA
10/31/2022,22754.0,61554340,22619.0,22985.0,22194.0,TSLA
10/28/2022,22852.0,69152390,22540.0,22886.0,21635.0,TSLA
10/27/2022,22509.0,61638820,22977.0,23381.0,22285.0,TSLA
10/26/2022,22464.0,85327080,21940.0,23060.0,21820.0,TSLA
10/25/2022,222415.0,96507870,21010.0,2243498.0,21000.0,TSLA
10/24/2022,21125.0,100446800,20582.0,21350.0,1985863.0,TSLA
10/21/2022,21444.0,75713750,206415.0,21466.0,20380.0,TSLA
10/20/2022,20728.0,117798100,20828.0,21555.0,20200.0,TSLA
10/19/2022,22204.0,66571480,21980.0,22293.0,21778.0,TSLA
10/18/2022,22019.0,75891910,22950.0,22982.0,21725.0,TSLA
10/17/2022,21935.0,79428810,21004.0,22186.0,20945.0,TSLA
10/14/2022,20499.0,94124510,22401.0,22626.0,20416.0,TSLA
10/13/2022,22172.0,91483050,20830.0,22299.0,20622.0,TSLA
10/12/2022,21724.0,66860700,21533.0,2192999.0,21151.0,TSLA
10/11/2022,21650.0,77013200,220945.0,22575.0,21500.0,TSLA
10/10/2022,22296.0,67925020,22393.0,22699.0,2183582.0,TSLA
10/07/2022,22307.0,83916800,233935.0,2345715.0,22202.0,TSLA
10/06/2022,23813.0,69298440,23944.0,24458.0,23535.0,TSLA
10/05/2022,24081.0,86982670,24501.0,2466697.0,23327.0,TSLA
10/04/2022,24944.0,109578500,25052.0,25750.0,24201.0,TSLA
10/03/2022,24240.0,98363540,25450.0,25516.0,24101.0,TSLA
09/30/2022,26525.0,67726600,266145.0,27557.0,26247.0,TSLA
09/29/2022,26821.0,77620640,28276.0,28365.0,26578.0,TSLA
09/28/2022,28781.0,54664810,28308.0,28900.0,27757.0,TSLA
09/27/2022,28294.0,61925190,28384.0,28867.0,27751.0,TSLA
09/26/2022,27601.0,58076910,27183.0,28409.0,27031.0,TSLA
09/23/2022,27533.0,63748360,28309.0,28450.0,27282.0,TSLA
09/22/2022,28859.0,70545410,29986.0,30129.0,28582.0,TSLA
09/21/2022,30080.0,62555660,30829.0,31380.0,30063.0,TSLA
09/20/2022,30873.0,61642780,30691.0,31333.0,30558.0,TSLA
09/19/2022,30907.0,60231160,30009.0,30984.0,29780.0,TSLA
09/16/2022,30335.0,87087790,299605.0,30371.0,2956005.0,TSLA
09/15/2022,30375.0,64795520,301825.0,30912.0,3007247.0,TSLA
09/14/2022,30261.0,72628650,29224.0,30600.0,29164.0,TSLA
09/13/2022,29213.0,68229620,29290.0,2973999.0,29040.0,TSLA
09/12/2022,30442.0,48674600,30072.0,30549.0,30040.0,TSLA
09/09/2022,29968.0,54470850,29167.0,29985.0,291245.0,TSLA
09/08/2022,28926.0,53713120,28130.0,28950.0,27976.0,TSLA
09/07/2022,28370.0,50028920,27310.0,28384.0,27227.0,TSLA
09/06/2022,27442.0,55859980,272675.0,27599.0,26574.0,TSLA
09/02/2022,27021.0,50890090,281065.0,28235.0,26908.0,TSLA
09/01/2022,27716.0,54287020,272575.0,27758.0,26615.0,TSLA
08/31/2022,27561.0,52107340,28062.0,28125.0,27181.0,TSLA
08/30/2022,27770.0,50541760,287865.0,28848.0,27265.0,TSLA
08/29/2022,28482.0,41864740,28283.0,28774.0,28070.0,TSLA
08/26/2022,28809.0,57163950,29743.0,30200.0,28747.0,TSLA
08/25/2022,29607.0,53230010,30236.0,30296.0,29160.0,TSLA
08/24/2022,2970966.0,57259716,2975633.0,3036466.0,29650.0,TSLA
08/23/2022,2964533.0,63985056,2914533.0,2988266.0,2879233.0,TSLA
08/22/2022,2899133.0,55843356,2919133.0,29240.0,2862966.0,TSLA
08/19/2022,2966666.0,61395396,29900.0,30036.0,29250.0,TSLA
08/18/2022,30287.0,47500535,30600.0,30650.0,3018533.0,TSLA
08/17/2022,3039966.0,68765977,3033966.0,3096566.0,3000333.0,TSLA
08/16/2022,3065633.0,88136319,3116666.0,3146666.0,3028833.0,TSLA
08/15/2022,30932.0,89359179,3017866.0,3131333.0,30123.0,TSLA
08/12/2022,30003.0,79657298,289415.0,30016.0,2850333.0,TSLA
08/11/2022,28663.0,70155067,2965133.0,2982366.0,2858333.0,TSLA
08/10/2022,2943566.0,94918869,2970666.0,29751.0,28337.0,TSLA
08/09/2022,2833333.0,86244699,2902933.0,2923966.0,2793533.0,TSLA
08/08/2022,2904233.0,99365290,29500.0,30520.0,2890854.0,TSLA
08/05/2022,28817.0,113172911,30267.0,3046066.0,2855446.0,TSLA
08/04/2022,3086333.0,72256327,31100.0,3136066.0,30500.0,TSLA
08/03/2022,3073966.0,80091128,30500.0,30955.0,30115.0,TSLA
08/02/2022,3005866.0,95577490,2940033.0,3078333.0,2926666.0,TSLA
08/01/2022,2972766.0,117042912,301275.0,3118782.0,29500.0,TSLA
07/29/2022,29715.0,95312890,28070.0,29832.0,27910.0,TSLA
07/28/2022,28090.0,84723008,2800666.0,28330.0,27280.0,TSLA
07/27/2022,27482.0,88110009,26381.0,2759256.0,26179.0,TSLA
07/26/2022,25886.0,66820777,2665133.0,2673099.0,2562633.0,TSLA
07/25/2022,2684333.0,64073526,2722166.0,2741466.0,26740.0,TSLA
07/22/2022,2722433.0,103472860,27622.0,2807866.0,2707133.0,TSLA
07/21/2022,2717066.0,142032194,2551066.0,2732666.0,2548666.0,TSLA
07/20/2022,24750.0,88864089,2467833.0,2506633.0,243483.0,TSLA
07/19/2022,24553.0,80890118,24500.0,24714.0,2369766.0,TSLA
07/18/2022,2405466.0,82537448,2449366.0,2505166.0,2396033.0,TSLA
07/15/2022,2400666.0,69683017,24000.0,2436233.0,23689.0,TSLA
07/14/2022,2383133.0,78557498,2348966.0,2386533.0,2293333.0,TSLA
07/13/2022,23704.0,97954510,22550.0,2420599.0,2250333.0,TSLA
07/12/2022,23307.0,87930969,2368466.0,2397733.0,2283683.0,TSLA
07/11/2022,2343433.0,99509230,2521033.0,2530633.0,2336266.0,TSLA
07/08/2022,2507633.0,101854090,2423333.0,2549799.0,2411614.0,TSLA
07/07/2022,2445433.0,81930698,23392.0,2453616.0,23221.0,TSLA
07/06/2022,2317333.0,71853637,23078.0,2345633.0,2271866.0,TSLA
07/05/2022,2330666.0,84779108,22300.0,2331466.0,2161667.0,TSLA
07/01/2022,2272633.0,74460457,22700.0,23023.0,22212.0,TSLA
06/30/2022,2244733.0,94600449,22451.0,2294566.0,2188633.0,TSLA
06/29/2022,22849.0,82897268,23050.0,2311733.0,2222733.0,TSLA
06/28/2022,2326633.0,90666519,2444833.0,24997.0,2323433.0,TSLA
06/27/2022,24492.0,89178309,2493666.0,25207.0,2425655.0,TSLA
06/24/2022,2457066.0,95770720,2374683.0,2460666.0,2360866.0,TSLA
06/23/2022,23507.0,104202700,237905.0,2393166.0,2286366.0,TSLA
06/22/2022,2360866.0,101527270,2345033.0,2468333.0,2338266.0,TSLA
06/21/2022,2370366.0,122792982,2246033.0,2435773.0,2243333.0,TSLA
06/17/2022,21676.0,92641779,2134333.0,2209694.0,2131966.0,TSLA
06/16/2022,21310.0,107390711,2227366.0,2251666.0,2086933.0,TSLA
06/15/2022,23300.0,119131962,2209166.0,2356633.0,21815.0,TSLA
06/14/2022,22089.0,97988800,2182866.0,22633.0,2117366.0,TSLA
06/13/2022,2157366.0,102767260,2231666.0,2266333.0,2146833.0,TSLA
06/10/2022,23223.0,98090920,2351566.0,23950.0,2279133.0,TSLA
06/09/2022,2397066.0,96491320,24934.0,2555466.0,2393266.0,TSLA
06/08/2022,2418666.0,76210628,2400866.0,2499633.0,2391766.0,TSLA
06/07/2022,2388866.0,72808597,23400.0,2399966.0,2300933.0,TSLA
06/06/2022,23828.0,84204518,2443533.0,2448666.0,23435.0,TSLA
06/03/2022,2345166.0,112393751,243225.0,2477966.0,2334178.0,TSLA
06/02/2022,2583333.0,93473139,2441566.0,26421.0,2420666.0,TSLA
06/01/2022,24679.0,77247968,25172.0,2573266.0,24364.0,TSLA
05/31/2022,2527533.0,101914390,2579466.0,25960.0,2447433.0,TSLA
05/27/2022,25321.0,89294979,2410833.0,2532666.0,240177.0,TSLA
05/26/2022,23591.0,106003361,2204733.0,2395566.0,2178866.0,TSLA
05/25/2022,21960.0,92139339,20795.0,2231066.0,20767.0,TSLA
05/24/2022,2093866.0,89092539,2178433.0,2179733.0,2068566.0,TSLA
05/23/2022,2249666.0,88903659,21834.0,2266517.0,2126866.0,TSLA
05/20/2022,22130.0,144973334,2379966.0,2405273.0,21100.0,TSLA
05/19/2022,2364733.0,90296679,2356666.0,2446666.0,23137.0,TSLA
05/18/2022,2366033.0,87811809,2481733.0,25350.0,2336033.0,TSLA
05/17/2022,25387.0,80236118,24912.0,2548266.0,24295.0,TSLA
05/16/2022,2414566.0,86098539,25572.0,2565866.0,2396961.0,TSLA
05/13/2022,25653.0,92150739,2578266.0,2624499.0,2505216.0,TSLA
05/12/2022,2426666.0,140312864,2336666.0,25322.0,2266666.0,TSLA
05/11/2022,2446666.0,97224460,26500.0,2699233.0,24240.0,TSLA
05/10/2022,26668.0,84401648,2731033.0,27512.0,2580833.0,TSLA
05/09/2022,26237.0,90810219,2788166.0,2818766.0,2603833.0,TSLA
05/06/2022,28855.0,72903127,2956666.0,29600.0,281035.0,TSLA
05/05/2022,2910933.0,92519199,31307.0,31520.0,28590.0,TSLA
05/04/2022,31754.0,81643718,3013133.0,31850.0,2950933.0,TSLA
05/03/2022,3030833.0,63709596,30106.0,3080266.0,2961966.0,TSLA
05/02/2022,30098.0,75781388,2869233.0,3021199.0,2826766.0,TSLA
04/29/2022,2902533.0,88133019,30075.0,3114666.0,29000.0,TSLA
04/28/2022,2925033.0,124948542,2999933.0,30000.0,27390.0,TSLA
04/27/2022,2938366.0,76956398,2995266.0,30600.0,2924533.0,TSLA
04/26/2022,29214.0,136133684,33181.0,3333333.0,2916666.0,TSLA
04/25/2022,3326733.0,68341357,3263233.0,3362066.0,32510.0,TSLA
04/22/2022,3350166.0,69696577,3383033.0,34495.0,3313333.0,TSLA
04/21/2022,33626.0,105416351,3582433.0,3640733.0,3321383.0,TSLA
04/20/2022,3257333.0,70711327,3433333.0,3446666.0,3250833.0,TSLA
04/19/2022,3427166.0,49847825,33502.0,34498.0,331775.0,TSLA
04/18/2022,3347633.0,51715235,3296766.0,3383066.0,32447.0,TSLA
04/14/2022,3283333.0,58422426,3330966.0,3375699.0,3273966.0,TSLA
04/13/2022,34079.0,55121226,327025.0,34208.0,3243656.0,TSLA
04/12/2022,3289833.0,65976097,3325466.0,3403973.0,3255333.0,TSLA
04/11/2022,32531.0,59357226,32680.0,336156.0,32488.0,TSLA
04/08/2022,34183.0,55013706,3477366.0,34948.0,3408116.0,TSLA
04/07/2022,35242.0,79447058,3507966.0,3588633.0,3405133.0,TSLA
04/06/2022,3485866.0,89348559,3578233.0,3596666.0,3425666.0,TSLA
04/05/2022,3637533.0,80075018,3787666.0,38429.0,3624333.0,TSLA
04/04/2022,3818166.0,82177718,3631266.0,3833033.0,35751.0,TSLA
04/01/2022,36153.0,54263225,3603833.0,3649166.0,3555466.0,TSLA
03/31/2022,35920.0,48992765,3648566.0,3677133.0,3588803.0,TSLA
03/30/2022,3646633.0,59865006,3637233.0,3713166.0,3613333.0,TSLA
03/29/2022,3665233.0,73614817,36933.0,37159.0,3577033.0,TSLA
03/28/2022,3639466.0,102506080,3550333.0,3659599.0,35120.0,TSLA
03/25/2022,33688.0,62031546,33600.0,3405999.0,33244.0,TSLA
03/24/2022,3379733.0,68920897,3365766.0,3414966.0,32960.0,TSLA
03/23/2022,3330366.0,120676152,3266466.0,34690.0,3254666.0,TSLA
03/22/2022,3313266.0,105868571,31000.0,33262.0,30725.0,TSLA
03/21/2022,3070533.0,81981668,3049933.0,3142833.0,3023633.0,TSLA
03/18/2022,3017966.0,100414210,2914966.0,3026166.0,28913.0,TSLA
03/17/2022,2905333.0,66582967,2769966.0,2916666.0,2752392.0,TSLA
03/16/2022,2800766.0,84028838,2696666.0,2806666.0,26742.0,TSLA
03/15/2022,2672966.0,66841147,2584233.0,2685233.0,25219.0,TSLA
03/14/2022,2554566.0,71152267,2602033.0,26690.0,2520133.0,TSLA
03/11/2022,2651166.0,67037167,2800656.0,2812673.0,26459.0,TSLA
03/10/2022,2794333.0,58648656,2838166.0,2848166.0,27012.0,TSLA
03/09/2022,2863233.0,59183976,2798266.0,2868533.0,2773366.0,TSLA
03/08/2022,27480.0,80399108,2651766.0,28333.0,2607233.0,TSLA
03/07/2022,2681933.0,72494167,2854333.0,2887133.0,26819.0,TSLA
03/04/2022,27943.0,67179877,2830333.0,2852166.0,2750536.0,TSLA
03/03/2022,2797633.0,61623516,2929233.0,2954796.0,2775333.0,TSLA
03/02/2022,2932966.0,74643457,29071.0,2954933.0,281424.0,TSLA
03/01/2022,2881233.0,74766877,2898933.0,2966266.0,2845933.0,TSLA
02/28/2022,2901433.0,99006880,27167.0,2922866.0,2715691.0,TSLA
02/25/2022,2699566.0,76067768,2697433.0,2731666.0,2608001.0,TSLA
02/24/2022,2669233.0,135322304,2334633.0,2674933.0,2333333.0,TSLA
02/23/2022,25468.0,95257030,27681.0,2784332.0,25352.0,TSLA
02/22/2022,2738433.0,83288198,2780433.0,2855779.0,2670333.0,TSLA
02/18/2022,28566.0,68501857,2953333.0,2956233.0,2792033.0,TSLA
02/17/2022,2921166.0,55178436,30442.0,3061666.0,2913666.0,TSLA
02/16/2022,3077966.0,51294395,3046833.0,3088099.0,3004033.0,TSLA
02/15/2022,3074766.0,57649536,30000.0,3076666.0,2977924.0,TSLA
02/14/2022,29192.0,67756417,28719.0,2996266.0,2843833.0,TSLA
02/11/2022,2866666.0,79645868,30321.0,30532.0,2835666.0,TSLA
02/10/2022,3015166.0,66126847,30279.0,3146033.0,29890.0,TSLA
02/09/2022,3106666.0,52259555,3116666.0,3154233.0,3066666.0,TSLA
02/08/2022,3073333.0,50729015,3018433.0,3087633.0,2982666.0,TSLA
02/07/2022,3024466.0,60994476,30793.0,3159233.0,3009029.0,TSLA
02/04/2022,3077733.0,73625467,2990733.0,3121666.0,2937233.0,TSLA
02/03/2022,2970466.0,78855578,29400.0,3123333.0,2935066.0,TSLA
02/02/2022,3018866.0,66793057,3093933.0,31050.0,29647.0,TSLA
02/01/2022,3104166.0,73138357,3117366.0,3145666.0,3016666.0,TSLA
01/31/2022,31224.0,104436100,2909033.0,3126633.0,28735.0,TSLA
01/28/2022,2821166.0,134788963,2771866.0,2858333.0,2640033.0,TSLA
01/27/2022,2763666.0,147109575,31112.0,3117966.0,2763333.0,TSLA
01/26/2022,31247.0,104867290,3174766.0,32923.0,30200.0,TSLA
01/25/2022,3061333.0,86595909,3047333.0,3170866.0,30107.0,TSLA
01/24/2022,31000.0,152375145,3015866.0,311171.0,2838233.0,TSLA
01/21/2022,3146333.0,103416040,3321133.0,33485.0,31350.0,TSLA
01/20/2022,33209.0,70488757,3365766.0,34722.0,3313333.0,TSLA
01/19/2022,3318833.0,75442508,347235.0,3515566.0,3316666.0,TSLA
01/18/2022,3435033.0,66989407,3422016.0,3569299.0,3386866.0,TSLA
01/14/2022,34987.0,72924427,33996.0,3506666.0,3377929.0,TSLA
01/13/2022,3438533.0,97209790,3696883.0,3718666.0,3421797.0,TSLA
01/12/2022,36874.0,83739038,3596166.0,3716133.0,35753.0,TSLA
01/11/2022,35480.0,66063217,3512233.0,3586166.0,3462733.0,TSLA
01/10/2022,3527066.0,91814889,3333333.0,3530333.0,3266666.0,TSLA
01/07/2022,34232.0,84164768,3601233.0,3603099.0,3366666.0,TSLA
01/06/2022,35490.0,90336489,35900.0,3626666.0,3401666.0,TSLA
01/05/2022,3627066.0,80119808,3822166.0,3901133.0,3603367.0,TSLA
01/04/2022,3831966.0,100248280,3965166.0,4026666.0,37435.0,TSLA
01/03/2022,3999266.0,104686060,3825833.0,4003566.0,37868.0,TSLA
12/31/2021,35226.0,40733644,3578148.0,3606666.0,35153.0,TSLA
12/30/2021,35678.0,47040935,3537766.0,3651833.0,35105.0,TSLA
12/29/2021,3620633.0,56154066,3662133.0,36800.0,3547133.0,TSLA
12/28/2021,3628233.0,60323916,36983.0,3729999.0,3594733.0,TSLA
12/27/2021,3646466.0,71145817,35789.0,3723333.0,356905.0,TSLA
12/23/2021,3556666.0,92713299,33560.0,3576589.0,33252.0,TSLA
12/22/2021,33629.0,93634089,3218866.0,3385533.0,3190166.0,TSLA
12/21/2021,3128433.0,71517937,3056233.0,3131666.0,2953733.0,TSLA
12/20/2021,29998.0,56480016,3035666.0,3072294.0,2977966.0,TSLA
12/17/2021,3108566.0,100880260,3049233.0,3202199.0,3030133.0,TSLA
12/16/2021,3089733.0,82771448,33150.0,33166.0,3072833.0,TSLA
12/15/2021,32533.0,75169238,3177366.0,3262499.0,3094167.0,TSLA
12/14/2021,3195033.0,70806277,31500.0,3221366.0,31000.0,TSLA
12/13/2021,3221366.0,78595508,3336966.0,33500.0,31714.0,TSLA
12/10/2021,33901.0,59664366,33625.0,3403265.0,32751.0,TSLA
12/09/2021,33460.0,59438496,3535466.0,3541633.0,33412.0,TSLA
12/08/2021,35632.0,41906374,3509033.0,35746.0,3443333.0,TSLA
12/07/2021,3505833.0,56084586,3480666.0,3525579.0,34227.0,TSLA
12/06/2021,3363366.0,81663128,3338366.0,3405466.0,3168333.0,TSLA
12/03/2021,3383233.0,92322009,3615966.0,3635251.0,3334033.0,TSLA
12/02/2021,3615333.0,73114867,3663533.0,37100.0,3522166.0,TSLA
12/01/2021,36500.0,68804107,3868983.0,3909466.0,3635866.0,TSLA
11/30/2021,3815866.0,81276128,3814566.0,3893333.0,3726666.0,TSLA
11/29/2021,3789966.0,58393416,3669966.0,38089.0,36673.0,TSLA
11/26/2021,36064.0,35042674,36649.0,3695942.0,3603333.0,TSLA
11/24/2021,37200.0,67680727,36013.0,37759.0,35400.0,TSLA
11/23/2021,3696766.0,108515111,38917.0,3934999.0,3542333.0,TSLA
11/22/2021,3856233.0,99217540,3874433.0,40065.0,3774766.0,TSLA
11/19/2021,37902.0,64926786,36629.0,3795733.0,3642333.0,TSLA
11/18/2021,36546.0,62696796,36885.0,3706666.0,35834.0,TSLA
11/17/2021,3630033.0,94336119,3545033.0,3732133.0,3518333.0,TSLA
11/16/2021,3515766.0,79627088,3344366.0,3523999.0,33406.0,TSLA
11/15/2021,3377966.0,104326960,33921.0,3439933.0,32620.0,TSLA
11/12/2021,3444733.0,76719458,3491666.0,35150.0,3397333.0,TSLA
11/11/2021,3545033.0,67189717,36759.0,3683233.0,35156.0,TSLA
11/10/2021,3559833.0,128408173,3368033.0,3593666.0,3291033.0,TSLA
11/09/2021,3411666.0,177317538,39120.0,39150.0,3371733.0,TSLA
11/08/2021,3876466.0,100337170,3832616.0,39900.0,3776666.0,TSLA
11/05/2021,4073633.0,64886436,4093333.0,41329.0,4026666.0,TSLA
11/04/2021,40997.0,76192238,41147.0,4144966.0,4056666.0,TSLA
11/03/2021,40462.0,103885570,3924433.0,40513.0,3842066.0,TSLA
11/02/2021,3906666.0,128213413,3864516.0,4028633.0,38200.0,TSLA
11/01/2021,4028633.0,168146177,3816666.0,40325.0,3728866.0,TSLA
10/29/2021,3713333.0,89755269,36062.0,3717366.0,357735.0,TSLA
10/28/2021,3590133.0,81639518,3561016.0,3603333.0,35140.0,TSLA
10/27/2021,3459533.0,115579392,3465533.0,35696.0,3435933.0,TSLA
10/26/2021,3394766.0,187244929,3415633.0,36498.0,3338133.0,TSLA
10/25/2021,34162.0,188556319,3168433.0,34834.0,3147333.0,TSLA
10/22/2021,3032266.0,68642527,29850.0,3033333.0,2969866.0,TSLA
10/21/2021,29800.0,94444359,2853333.0,30000.0,2851682.0,TSLA
10/20/2021,28860.0,42096154,28845.0,28983.0,2857933.0,TSLA
10/19/2021,28809.0,52143395,29251.0,29265.0,2875033.0,TSLA
10/18/2021,2900366.0,72621727,28393.0,2917533.0,2838233.0,TSLA
10/15/2021,28101.0,56773716,2745793.0,28107.0,2741166.0,TSLA
10/14/2021,2727733.0,36741514,27183.0,2734166.0,2711167.0,TSLA
10/13/2021,27036.0,42360244,2701566.0,2718033.0,2685933.0,TSLA
10/12/2021,2685733.0,66060127,2669766.0,2707733.0,2655233.0,TSLA
10/11/2021,26398.0,42600964,26255.0,26708.0,2618333.0,TSLA
10/08/2021,26183.0,50215805,2654033.0,26546.0,2603033.0,TSLA
10/07/2021,2645366.0,57587346,26182.0,2683333.0,2611266.0,TSLA
10/06/2021,2609166.0,43898314,2587333.0,26222.0,25774.0,TSLA
10/05/2021,2601966.0,55297896,2615986.0,26577.0,2580666.0,TSLA
10/04/2021,26051.0,91450029,26550.0,2689899.0,2587066.0,TSLA
10/01/2021,2584066.0,51094235,2594666.0,26026.0,25453.0,TSLA
09/30/2021,2584933.0,53867885,2603333.0,2630435.0,2583333.0,TSLA
09/29/2021,2604366.0,62828646,2599333.0,26450.0,2568933.0,TSLA
09/28/2021,2591866.0,76144268,26240.0,2652133.0,2553933.0,TSLA
09/27/2021,2637866.0,84211988,2577066.0,2663333.0,2564366.0,TSLA
09/24/2021,25813.0,64119066,24863.0,2582666.0,2481866.0,TSLA
09/23/2021,2512133.0,35842594,2516666.0,2527333.0,2493066.0,TSLA
09/22/2021,2506466.0,45378815,2478421.0,2512233.0,2463733.0,TSLA
09/21/2021,24646.0,48992165,24493.0,2482466.0,24348.0,TSLA
09/20/2021,24339.0,74272957,2448525.0,2473333.0,2395416.0,TSLA
09/17/2021,2531633.0,84612548,2523833.0,25368.0,25000.0,TSLA
09/16/2021,25233.0,41770174,2509433.0,25297.0,2492033.0,TSLA
09/15/2021,2519433.0,46073075,2483333.0,2522866.0,24612.0,TSLA
09/14/2021,2481633.0,55574646,2475233.0,25149.0,2454666.0,TSLA
09/13/2021,2476666.0,68857447,246738.0,24826.0,2362833.0,TSLA
09/10/2021,2454233.0,45552515,25320.0,2542033.0,24484.0,TSLA
09/09/2021,25162.0,42233194,2511366.0,2540333.0,2505433.0,TSLA
09/08/2021,25129.0,56379126,25386.0,2548166.0,2469244.0,TSLA
09/07/2021,2509733.0,60119496,2466666.0,25340.0,24642.0,TSLA
09/03/2021,2445233.0,45813155,244083.0,2446666.0,24140.0,TSLA
09/02/2021,24413.0,38390224,2448333.0,24699.0,2435133.0,TSLA
09/01/2021,2446966.0,39613024,2446933.0,24733.0,2437567.0,TSLA
08/31/2021,24524.0,62566326,2443333.0,2467966.0,2421466.0,TSLA
08/30/2021,2436366.0,55812666,2382383.0,2436666.0,2375766.0,TSLA
08/27/2021,2373066.0,41501284,23500.0,2383333.0,2340333.0,TSLA
08/26/2021,23372.0,39642874,2361033.0,2384666.0,23254.0,TSLA
08/25/2021,2370666.0,37936684,2356766.0,23899.0,2346666.0,TSLA
08/24/2021,2361633.0,39249214,2368933.0,2384066.0,2342133.0,TSLA
08/23/2021,2354333.0,60794586,2284806.0,2373766.0,2269168.0,TSLA
08/20/2021,2267533.0,44525614,2276166.0,2307099.0,2245666.0,TSLA
08/19/2021,22449.0,42940474,22607.0,22885.0,22253.0,TSLA
08/18/2021,2296633.0,61048146,2232493.0,2319233.0,2231166.0,TSLA
08/17/2021,2219033.0,71163847,22422.0,22486.0,21628.0,TSLA
08/16/2021,2287233.0,69309907,2350233.0,23650.0,2254666.0,TSLA
08/13/2021,2390566.0,50194415,2412366.0,24330.0,2381133.0,TSLA
08/12/2021,24075.0,53045075,2354466.0,2409333.0,2331333.0,TSLA
08/11/2021,23594.0,29401677,23757.0,2383933.0,2347366.0,TSLA
08/10/2021,2366633.0,40296934,2379966.0,2388633.0,23396.0,TSLA
08/09/2021,23792.0,44146054,2367233.0,2396766.0,2350433.0,TSLA
08/06/2021,2330333.0,46869155,23730.0,2387766.0,2325433.0,TSLA
08/05/2021,23821.0,38758924,2386666.0,2403166.0,2371366.0,TSLA
08/04/2021,2369733.0,51007955,23700.0,2416333.0,23631.0,TSLA
08/03/2021,23658.0,64860756,2396666.0,2408833.0,23367.0,TSLA
08/02/2021,2365566.0,100847320,2333333.0,2423133.0,23280.0,TSLA
07/30/2021,2290666.0,88969239,2239193.0,23251.0,22300.0,TSLA
07/29/2021,2257833.0,91183929,2165966.0,2278966.0,2162666.0,TSLA
07/28/2021,21566.0,48019805,215665.0,2183233.0,2131333.0,TSLA
07/27/2021,2149266.0,98439880,2211333.0,2221666.0,20908.0,TSLA
07/26/2021,2192066.0,76009688,21699.0,2227333.0,2157033.0,TSLA
07/23/2021,21446.0,43814824,2154533.0,2162666.0,2124333.0,TSLA
07/22/2021,21642.0,45317195,2188142.0,2207233.0,2148667.0,TSLA
07/21/2021,21843.0,41860024,21987.0,2216199.0,2167633.0,TSLA
07/20/2021,2201666.0,46461395,21733.0,2207972.0,2135003.0,TSLA
07/19/2021,2154066.0,63891276,2099633.0,2157333.0,2070966.0,TSLA
07/16/2021,21474.0,49112915,2182266.0,2188999.0,2140666.0,TSLA
07/15/2021,2168666.0,60628716,2194633.0,2220466.0,2126266.0,TSLA
07/14/2021,2177933.0,64923576,2235833.0,2262033.0,2176133.0,TSLA
07/13/2021,2228466.0,62898276,2287733.0,2310933.0,2220986.0,TSLA
07/12/2021,2285666.0,77781128,2207333.0,22908.0,2207203.0,TSLA
07/09/2021,2189833.0,54421655,2177283.0,2196366.0,2148966.0,TSLA
07/08/2021,2176033.0,68319967,2094566.0,2181433.0,20682.0,TSLA
07/07/2021,2148833.0,56375886,2214233.0,22190.0,2127733.0,TSLA
07/06/2021,21986.0,69853357,2272371.0,22800.0,2171334.0,TSLA
07/02/2021,22630.0,81292118,2263266.0,2333333.0,22442.0,TSLA
07/01/2021,2259733.0,55903566,2279733.0,22933.0,2242666.0,TSLA
06/30/2021,2265666.0,56774586,22659.0,2309366.0,2260466.0,TSLA
06/29/2021,22692.0,52143935,2282166.0,2291699.0,2252966.0,TSLA
06/28/2021,2295733.0,64884486,22388.0,2315666.0,22344.0,TSLA
06/25/2021,2239566.0,97490140,22986.0,23127.0,22290.0,TSLA
06/24/2021,2266066.0,137947184,2249966.0,23254.0,2225366.0,TSLA
06/23/2021,2188566.0,93297699,2106666.0,219068.0,2100133.0,TSLA
06/22/2021,2079033.0,57476676,2060833.0,2095231.0,2051666.0,TSLA
06/21/2021,2069433.0,74438227,20816.0,2104633.0,20296.0,TSLA
06/18/2021,20777.0,73682737,2044566.0,20945.0,2039333.0,TSLA
06/17/2021,2055333.0,68104057,2006293.0,2071566.0,2004466.0,TSLA
06/16/2021,2016233.0,66432397,1991783.0,2028333.0,1978333.0,TSLA
06/15/2021,1997866.0,53292455,2055633.0,2055966.0,19941.0,TSLA
06/14/2021,2058966.0,61271946,2040766.0,2084966.0,20306.0,TSLA
06/11/2021,2032966.0,48615905,20341.0,2041866.0,2005066.0,TSLA
06/10/2021,2033733.0,71758837,2012933.0,20553.0,2001666.0,TSLA
06/09/2021,1995933.0,49753715,2007233.0,20393.0,19921.0,TSLA
06/08/2021,2011966.0,78160238,20767.0,2076966.0,19850.0,TSLA
06/07/2021,20171.0,67631047,197275.0,2033333.0,1942933.0,TSLA
06/04/2021,1996833.0,72110707,1932366.0,2002033.0,19240.0,TSLA
06/03/2021,1909466.0,90335679,20060.0,2015166.0,1904066.0,TSLA
06/02/2021,2017066.0,69908347,20671.0,2077866.0,1997133.0,TSLA
06/01/2021,2079666.0,54254675,2092666.0,2112666.0,20685.0,TSLA
05/28/2021,2084066.0,68211127,20950.0,2118633.0,20746.0,TSLA
05/27/2021,2102833.0,79111778,2067466.0,2103766.0,2054033.0,TSLA
05/26/2021,2063766.0,85917939,20252.0,2087233.0,20050.0,TSLA
05/25/2021,2015633.0,84017798,2024366.0,2046633.0,19857.0,TSLA
05/24/2021,2021466.0,103674280,1938666.0,2048266.0,1912166.0,TSLA
05/21/2021,1936266.0,78091808,1987033.0,1988933.0,1933333.0,TSLA
05/20/2021,1955933.0,92463369,1916666.0,1962833.0,1903566.0,TSLA
05/19/2021,18782.0,118735212,1841833.0,1887366.0,1823266.0,TSLA
05/18/2021,1926233.0,110491721,1893333.0,19875.0,1877933.0,TSLA
05/17/2021,1922766.0,96743410,191851.0,1965766.0,1870666.0,TSLA
05/14/2021,19658.0,100112590,19447.0,1976233.0,1901533.0,TSLA
05/13/2021,1905633.0,132554773,200515.0,2021533.0,18655.0,TSLA
05/12/2021,19663.0,101470960,20083.0,2068033.0,1955883.0,TSLA
05/11/2021,2057333.0,139511714,1997466.0,2090333.0,1985333.0,TSLA
05/10/2021,20968.0,94177269,2216333.0,2216833.0,2092033.0,TSLA
05/07/2021,2241233.0,70407517,2219333.0,23000.0,2200733.0,TSLA
05/06/2021,22118.0,83353868,22692.0,2270066.0,2166666.0,TSLA
05/05/2021,2236466.0,65705677,22702.0,2284318.0,2224466.0,TSLA
05/04/2021,2245333.0,89217969,2263133.0,2278154.0,2192336.0,TSLA
05/03/2021,22830.0,81129428,23460.0,2353333.0,2268333.0,TSLA
04/30/2021,23648.0,122276172,22253.0,23849.0,2220466.0,TSLA
04/29/2021,2256666.0,86536359,23317.0,2340833.0,2228334.0,TSLA
04/28/2021,2314666.0,66813157,2321366.0,2361666.0,23120.0,TSLA
04/27/2021,2349133.0,88311009,23932.0,2413333.0,23445.0,TSLA
04/26/2021,2460666.0,93115509,24700.0,2497666.0,2442017.0,TSLA
04/23/2021,2431333.0,85241679,2399333.0,2457866.0,2384866.0,TSLA
04/22/2021,2398966.0,106770791,2471666.0,2512566.0,2393466.0,TSLA
04/21/2021,24804.0,93646539,2349233.0,24828.0,2326666.0,TSLA
04/20/2021,2396633.0,106827131,23914.0,24575.0,236895.0,TSLA
04/19/2021,23821.0,119058702,2398666.0,24180.0,23060.0,TSLA
04/16/2021,2465933.0,83938598,2428833.0,2498033.0,2415333.0,TSLA
04/15/2021,2462833.0,83546708,24770.0,2478966.0,2404366.0,TSLA
04/14/2021,2440766.0,147052305,25690.0,2602633.0,2426766.0,TSLA
04/13/2021,2541066.0,133958443,2375666.0,2543333.0,2368866.0,TSLA
04/12/2021,2339933.0,87407019,2285666.0,2349333.0,2273633.0,TSLA
04/09/2021,2256733.0,64311276,2259233.0,22699.0,2231433.0,TSLA
04/08/2021,2279333.0,71772997,2257933.0,2298499.0,2238816.0,TSLA
04/07/2021,2236566.0,78928298,22900.0,23046.0,2226133.0,TSLA
04/06/2021,23054.0,84815528,23010.0,2321833.0,2271233.0,TSLA
04/05/2021,23035.0,125528323,2359033.0,2360533.0,2282333.0,TSLA
04/01/2021,2205833.0,105895151,2294566.0,2308067.0,2198066.0,TSLA
03/31/2021,2226433.0,100011880,21554.0,22400.0,2137033.0,TSLA
03/30/2021,2118733.0,118297092,2005833.0,2125533.0,1970033.0,TSLA
03/29/2021,2037633.0,85910979,2052133.0,2054933.0,1986733.0,TSLA
03/26/2021,2062366.0,101558500,2139566.0,2146066.0,1999633.0,TSLA
03/25/2021,2134633.0,117674562,2043333.0,2151666.0,2031666.0,TSLA
03/24/2021,21009.0,101385520,2226366.0,2226733.0,2100366.0,TSLA
03/23/2021,22072.0,91475619,2252566.0,2259333.0,21917.0,TSLA
03/22/2021,2233333.0,118536672,2281966.0,2332066.0,2229166.0,TSLA
03/19/2021,21829.0,128681953,2155333.0,2190766.0,2082067.0,TSLA
03/18/2021,21772.0,100107070,2280966.0,2297433.0,2173333.0,TSLA
03/17/2021,2339366.0,121117362,2189566.0,2345766.0,2170033.0,TSLA
03/16/2021,2256266.0,96587020,23445.0,2359733.0,2236666.0,TSLA
03/15/2021,23598.0,88270449,2313633.0,2377266.0,2280133.0,TSLA
03/12/2021,2312433.0,100751530,2233333.0,2316266.0,2220464.0,TSLA
03/11/2021,23320.0,108761681,2331333.0,2341666.0,2257266.0,TSLA
03/10/2021,2226866.0,181817028,2334333.0,2392833.0,2183533.0,TSLA
03/09/2021,2245266.0,202570010,2027266.0,22603.0,1984033.0,TSLA
03/08/2021,1876666.0,155360896,2001833.0,2067083.0,1862633.0,TSLA
03/05/2021,1993166.0,268189407,2086866.0,2092806.0,17983.0,TSLA
03/04/2021,2071466.0,197758610,21860.0,2913133.0,20000.0,TSLA
03/03/2021,2177333.0,90623889,22933.0,2335666.0,217235.0,TSLA
03/02/2021,2288133.0,71196487,2394266.0,24037.0,2283333.0,TSLA
03/01/2021,2394766.0,81408728,2300366.0,2906666.0,22835.0,TSLA
02/26/2021,2251666.0,123267522,2333333.0,2355666.0,2198366.0,TSLA
02/25/2021,2274066.0,117071592,24205.0,2457355.0,2235266.0,TSLA
02/24/2021,24734.0,110300861,2372833.0,2483333.0,23139.0,TSLA
02/23/2021,2329466.0,199820660,22071.0,2378699.0,2063333.0,TSLA
02/22/2021,2381666.0,111809171,2542133.0,2561666.0,2367333.0,TSLA
02/19/2021,2604333.0,56874786,26500.0,2655966.0,2591233.0,TSLA
02/18/2021,26246.0,53871185,26030.0,2648966.0,2587566.0,TSLA
02/17/2021,26605.0,78236708,2596966.0,2666133.0,2540033.0,TSLA
02/16/2021,2654066.0,59406966,2726666.0,2736666.0,2641466.0,TSLA
02/12/2021,27204.0,71304937,2670866.0,2724433.0,2617768.0,TSLA
02/11/2021,2705533.0,64868256,2708133.0,2766266.0,2672416.0,TSLA
02/10/2021,2682733.0,108648281,2812116.0,2816066.0,2666733.0,TSLA
02/09/2021,2831533.0,45472955,28504.0,28660.0,2805833.0,TSLA
02/08/2021,2878066.0,60485166,28989.0,29259.0,2849166.0,TSLA
02/05/2021,2840766.0,55699926,2816666.0,2882566.0,2796566.0,TSLA
02/04/2021,28333.0,47437985,28500.0,28550.0,2778066.0,TSLA
02/03/2021,2848966.0,55030536,29234.0,2926933.0,2843548.0,TSLA
02/02/2021,29093.0,73038637,28156.0,29350.0,2807335.0,TSLA
02/01/2021,2799366.0,76174178,27143.0,2806666.0,2651867.0,TSLA
01/29/2021,26451.0,104972260,2766666.0,2808033.0,2600333.0,TSLA
01/28/2021,2784766.0,79134158,2733333.0,2826666.0,26700.0,TSLA
01/27/2021,2880533.0,82001888,2901166.0,2971666.0,28622.0,TSLA
01/26/2021,2943633.0,69394807,2971266.0,2986333.0,2905333.0,TSLA
01/25/2021,29360.0,123520212,28500.0,3001333.0,2796067.0,TSLA
01/22/2021,2822133.0,60199506,2781033.0,2826666.0,2762066.0,TSLA
01/21/2021,2816633.0,61794396,28500.0,2852399.0,2804733.0,TSLA
01/20/2021,2834833.0,76997648,2862466.0,28650.0,2790933.0,TSLA
01/19/2021,2815166.0,76100948,2792666.0,2833333.0,2776666.0,TSLA
01/15/2021,2753866.0,116332812,28400.0,2866333.0,2730333.0,TSLA
01/14/2021,2816666.0,93798999,28113.0,2876666.0,2795833.0,TSLA
01/13/2021,2848033.0,99937510,2842533.0,2868233.0,2773333.0,TSLA
01/12/2021,2831466.0,138812174,27700.0,2893333.0,27578.0,TSLA
01/11/2021,2703966.0,178662468,2831333.0,28481.0,267874.0,TSLA
01/08/2021,29334.0,225166613,2853333.0,29483.0,2794633.0,TSLA
01/07/2021,2720133.0,154496865,25921.0,27233.0,25840.0,TSLA
01/06/2021,2519933.0,134099923,25283.0,25800.0,24970.0,TSLA
01/05/2021,2450366.0,96735520,24122.0,2469466.0,2397333.0,TSLA
01/04/2021,2432566.0,145914585,23982.0,2481633.0,2390631.0,TSLA
12/31/2020,2352233.0,148949805,23333.0,2395733.0,2303733.0,TSLA
12/30/2020,2315933.0,128538073,22400.0,23220.0,2227867.0,TSLA
12/29/2020,2219966.0,68732437,2203333.0,22330.0,2183333.0,TSLA
12/28/2020,22123.0,96835690,2248366.0,2271333.0,2202666.0,TSLA
12/24/2020,22059.0,68596717,21433.0,22203.0,2136666.0,TSLA
12/23/2020,2153266.0,99518920,2107333.0,2171666.0,2075233.0,TSLA
12/22/2020,2134466.0,155584936,21600.0,2166266.0,2047433.0,TSLA
12/21/2020,21662.0,174135797,22208.0,2228333.0,2153566.0,TSLA
12/18/2020,2316666.0,666378667,2229666.0,2316666.0,2095133.0,TSLA
12/17/2020,2186333.0,168810437,2093966.0,2196066.0,20650.0,TSLA
12/16/2020,20759.0,126287443,20941.0,2108333.0,2016666.0,TSLA
12/15/2020,2110833.0,135670694,2144266.0,2156333.0,2079333.0,TSLA
12/14/2020,2132766.0,156121966,2063333.0,2142499.0,20340.0,TSLA
12/11/2020,20333.0,139424924,2050033.0,20800.0,1989333.0,TSLA
12/10/2020,2090233.0,201249470,1914566.0,20925.0,18878.0,TSLA
12/09/2020,2014933.0,213873591,2178966.0,2181066.0,19600.0,TSLA
12/08/2020,2166266.0,192795109,2085016.0,2170933.0,2061666.0,TSLA
12/07/2020,21392.0,168929147,2016399.0,2162618.0,2010166.0,TSLA
12/04/2020,19968.0,88203939,1970033.0,19968.0,1951666.0,TSLA
12/03/2020,1977933.0,127656013,1966733.0,1996566.0,1941433.0,TSLA
12/02/2020,1896066.0,143326964,18548.0,1905133.0,1804033.0,TSLA
12/01/2020,19492.0,121148502,1991966.0,1992833.0,1906833.0,TSLA
11/30/2020,18920.0,189009169,2007366.0,20260.0,1848366.0,TSLA
11/27/2020,1952533.0,112683251,19372.0,1995933.0,1928166.0,TSLA
11/25/2020,1913333.0,146790495,1833533.0,1913333.0,18179.0,TSLA
11/24/2020,1851266.0,160945486,1801333.0,1866633.0,17540.0,TSLA
11/23/2020,17395.0,150780915,1678333.0,1753333.0,1672633.0,TSLA
11/20/2020,1632033.0,98735770,1659967.0,16750.0,16302.0,TSLA
11/19/2020,1664233.0,187426069,16400.0,169537.0,1625233.0,TSLA
11/18/2020,1622133.0,234132083,14945.0,1653333.0,1478334.0,TSLA
11/17/2020,1472033.0,183564858,15339.0,15400.0,1443367.0,TSLA
11/16/2020,13603.0,80515928,13631.0,1374833.0,1346956.0,TSLA
11/13/2020,1361667.0,59491056,13695.0,1375106.0,1338867.0,TSLA
11/12/2020,1372533.0,59821506,13835.0,14100.0,1365067.0,TSLA
11/11/2020,1390433.0,52073165,1388167.0,139565.0,13686.0,TSLA
11/10/2020,1367867.0,90852669,14003.0,14003.0,13201.0,TSLA
11/09/2020,14042.0,104499100,14650.0,1508333.0,1403333.0,TSLA
11/06/2020,1433167.0,65118037,1453667.0,1455233.0,1414267.0,TSLA
11/05/2020,14603.0,85243569,1427667.0,1466667.0,1413334.0,TSLA
11/04/2020,1403267.0,96429190,14354.0,1451333.0,1390333.0,TSLA
11/03/2020,14130.0,103055170,1365767.0,14259.0,1355633.0,TSLA
11/02/2020,1335033.0,87063369,1313333.0,13566.0,1307667.0,TSLA
10/30/2020,1293467.0,127762933,1356318.0,1358638.0,12637.0,TSLA
10/29/2020,1369433.0,67965937,1366533.0,1393533.0,1354867.0,TSLA
10/28/2020,13534.0,76354238,1388267.0,1395333.0,1353333.0,TSLA
10/27/2020,14156.0,68059537,1412533.0,14350.0,1400333.0,TSLA
10/26/2020,1400933.0,84717488,13721.0,14192.0,1366667.0,TSLA
10/23/2020,14021.0,101150950,1406133.0,140962.0,1357934.0,TSLA
10/22/2020,14193.0,119979582,1473067.0,14841.0,1415033.0,TSLA
10/21/2020,14088.0,97111390,14090.0,1443167.0,1404167.0,TSLA
10/20/2020,1406467.0,94968879,1439167.0,1439167.0,1396834.0,TSLA
10/19/2020,14361.0,108863531,1487467.0,14900.0,1429567.0,TSLA
10/16/2020,1465567.0,98327650,15148.0,1519833.0,1462833.0,TSLA
10/15/2020,1496267.0,107017061,1501033.0,15219.0,14750.0,TSLA
10/14/2020,1537667.0,144136184,1499267.0,15530.0,1491167.0,TSLA
10/13/2020,1488833.0,103391020,1477833.0,14963.0,1455333.0,TSLA
10/12/2020,1474333.0,116373402,1473333.0,14958.0,1461933.0,TSLA
10/09/2020,1446667.0,86776989,1433767.0,1448633.0,1421534.0,TSLA
10/08/2020,1419733.0,121263372,1461467.0,1463333.0,1417667.0,TSLA
10/07/2020,1417667.0,129383143,1399567.0,14330.0,1379483.0,TSLA
10/06/2020,1379933.0,147438795,1412633.0,1429266.0,13535.0,TSLA
10/05/2020,1418933.0,134168383,1411167.0,1445467.0,1397767.0,TSLA
10/02/2020,1383633.0,214290111,1404633.0,1463767.0,1383333.0,TSLA
10/01/2020,1493867.0,152224365,14692.0,1496267.0,1448067.0,TSLA
09/30/2020,1430033.0,144436724,14044.0,1446433.0,1401567.0,TSLA
09/29/2020,13969.0,151024215,1386667.0,1428333.0,13720.0,TSLA
09/28/2020,14040.0,149158695,14154.0,1426933.0,1385167.0,TSLA
09/25/2020,13578.0,201625400,1311567.0,1362441.0,1304333.0,TSLA
09/24/2020,1292633.0,289683209,1212667.0,1331667.0,11710.0,TSLA
09/23/2020,1267867.0,285222569,1350533.0,1373833.0,1252934.0,TSLA
09/22/2020,14141.0,238742424,14320.0,14592.0,13920.0,TSLA
09/21/2020,1497967.0,328430433,1510433.0,1518933.0,13569.0,TSLA
09/18/2020,1473833.0,259220486,1493133.0,1503333.0,1429333.0,TSLA
09/17/2020,1411433.0,230337503,1385333.0,14593.0,13600.0,TSLA
09/16/2020,1472533.0,217640302,1466233.0,1525967.0,1451033.0,TSLA
09/15/2020,14992.0,291894719,14552.0,15398.0,1435667.0,TSLA
09/14/2020,1398733.0,249061855,1269833.0,14000.0,1244333.0,TSLA
09/11/2020,12424.0,182152398,1273133.0,12750.0,1201667.0,TSLA
09/10/2020,12378.0,254791855,1287367.0,1329967.0,1201867.0,TSLA
09/09/2020,1220933.0,238397334,1188667.0,12300.0,1138367.0,TSLA
09/08/2020,11007.0,346397135,1186667.0,1229133.0,10996.0,TSLA
09/04/2020,13944.0,330965733,13427.0,1426667.0,1240067.0,TSLA
09/03/2020,1356667.0,262788296,1357433.0,1439333.0,13400.0,TSLA
09/02/2020,1491233.0,288528419,1596633.0,15968.0,1350402.0,TSLA
09/01/2020,15835.0,270358287,16738.0,1674966.0,1568367.0,TSLA
08/31/2020,1661067.0,355123236,1482033.0,1667133.0,1467033.0,TSLA
08/28/2020,1475601.0,301217549,1530081.0,1545661.0,1457681.0,TSLA
08/27/2020,1492501.0,355395422,1453641.0,1530401.0,1428334.0,TSLA
08/26/2020,1435447.0,213590593,1373334.0,1444001.0,1369087.0,TSLA
08/25/2020,1348894.0,159883270,1316594.0,1351967.0,1312001.0,TSLA
08/24/2020,1342801.0,300954150,1417517.0,1419334.0,1285014.0,TSLA
08/21/2020,1366654.0,322343239,1363174.0,1396994.0,1350034.0,TSLA
08/20/2020,1334554.0,309176845,1240454.0,1347994.0,1238041.0,TSLA
08/19/2020,1252354.0,183079858,1243334.0,1274001.0,1227474.0,TSLA
08/18/2020,1258061.0,247117226,1265994.0,1282601.0,1230074.0,TSLA
08/17/2020,1223761.0,303634648,1118001.0,1230574.0,1115221.0,TSLA
08/14/2020,1100474.0,188664056,1109994.0,1112534.0,1084427.0,TSLA
08/13/2020,1080667.0,306379497,1074001.0,1100787.0,1044841.0,TSLA
08/12/2020,1036507.0,328482286,9800.0,1056667.0,956667.0,TSLA
08/11/2020,91626.0,129387445,930667.0,946667.0,9100.0,TSLA
08/10/2020,945714.0,112833904,965334.0,971667.0,923894.0,TSLA
08/07/2020,968474.0,133446233,999692.0,999834.0,94334.0,TSLA
08/06/2020,993054.0,89884650,993887.0,1011541.0,98484.0,TSLA
08/05/2020,990014.0,74670188,995327.0,999893.0,978874.0,TSLA
08/04/2020,991334.0,126224787,996674.0,1018274.0,974667.0,TSLA
08/03/2020,9900.0,132140124,966134.0,1006541.0,962923.0,TSLA
07/31/2020,95384.0,183704308,1010001.0,1011367.0,94732.0,TSLA
07/30/2020,99166.0,114315528,9920.0,1008827.0,980667.0,TSLA
07/29/2020,999407.0,141403324,1000667.0,1023207.0,991334.0,TSLA
07/28/2020,984327.0,237130381,1002667.0,1043134.0,982947.0,TSLA
07/27/2020,1026401.0,240729930,956667.0,1031961.0,942001.0,TSLA
07/24/2020,944667.0,290949155,944007.0,976667.0,911027.0,TSLA
07/23/2020,1008714.0,364927318,1119301.0,1126001.0,98718.0,TSLA
07/22/2020,1061554.0,212416094,1066001.0,1084281.0,1041334.0,TSLA
07/21/2020,1045574.0,242359079,1093287.0,1116667.0,1038667.0,TSLA
07/20/2020,1095334.0,256820422,1012674.0,1100001.0,9920.0,TSLA
07/17/2020,1000561.0,139949510,1008967.0,1025007.0,993334.0,TSLA
07/16/2020,1000427.0,214511743,984774.0,1021141.0,977334.0,TSLA
07/15/2020,1030674.0,245517327,1028667.0,1033334.0,971334.0,TSLA
07/14/2020,1011201.0,351271924,1037334.0,1060001.0,9540.0,TSLA
07/13/2020,99804.0,584780108,1106001.0,1196661.0,980741.0,TSLA
07/10/2020,1029767.0,350063075,930667.0,1032611.0,917341.0,TSLA
07/09/2020,92952.0,175763912,931327.0,93904.0,900854.0,TSLA
07/08/2020,910587.0,244669528,936667.0,94484.0,874227.0,TSLA
07/07/2020,926574.0,322344739,936674.0,9530.0,89114.0,TSLA
07/06/2020,914387.0,308547746,851127.0,918527.0,84403.0,TSLA
07/02/2020,805774.0,258751671,81432.0,818667.0,7904.0,TSLA
07/01/2020,74642.0,199903400,7220.0,756887.0,720334.0,TSLA
06/30/2020,719874.0,253777373,6710.0,725127.0,669154.0,TSLA
06/29/2020,6729.0,135395992,646007.0,673334.0,632347.0,TSLA
06/26/2020,639827.0,132823554,663187.0,663334.0,63658.0,TSLA
06/25/2020,65732.0,138818166,63618.0,65732.0,624767.0,TSLA
06/24/2020,640567.0,164393768,66274.0,667257.0,635428.0,TSLA
06/23/2020,667854.0,95479017,66592.0,674667.0,662674.0,TSLA
06/22/2020,66288.0,95435202,666634.0,672587.0,660014.0,TSLA
06/19/2020,667267.0,130196170,675187.0,677314.0,660894.0,TSLA
06/18/2020,669307.0,146278967,668667.0,679467.0,662981.0,TSLA
06/17/2020,661194.0,148361926,658474.0,6700.0,655048.0,TSLA
06/16/2020,654754.0,210766095,674567.0,675254.0,641594.0,TSLA
06/15/2020,6606.0,235457582,61186.0,665894.0,605667.0,TSLA
06/12/2020,62352.0,251450424,653334.0,658654.0,6084.0,TSLA
06/11/2020,64856.0,238747081,660134.0,679307.0,6480.0,TSLA
06/10/2020,683367.0,278451011,661254.0,684987.0,6550.0,TSLA
06/09/2020,627114.0,170822165,626674.0,636294.0,615954.0,TSLA
06/08/2020,63328.0,212620844,612667.0,633334.0,606107.0,TSLA
06/05/2020,59044.0,117178696,585227.0,591014.0,577467.0,TSLA
06/04/2020,576254.0,133315628,593254.0,597167.0,572294.0,TSLA
06/03/2020,58864.0,119241975,59208.0,598627.0,586734.0,TSLA
06/02/2020,587707.0,203483898,596467.0,605774.0,580667.0,TSLA
06/01/2020,598734.0,226279387,5720.0,599334.0,5694.0,TSLA
05/29/2020,556667.0,177187261,539167.0,556667.0,53614.0,TSLA
05/28/2020,537207.0,109136555,54234.0,549834.0,53446.0,TSLA
05/27/2020,54682.0,173242863,54724.0,551807.0,523334.0,TSLA
05/26/2020,545914.0,121345979,556334.0,5564.0,543804.0,TSLA
05/22/2020,544587.0,149812050,548116.0,55452.0,541334.0,TSLA
05/21/2020,551734.0,183818608,5440.0,5550.0,530667.0,TSLA
05/20/2020,543707.0,109639010,5470.0,550667.0,5412.0,TSLA
05/19/2020,538674.0,144547758,543447.0,548047.0,537387.0,TSLA
05/18/2020,54242.0,175471412,551854.0,55648.0,53592.0,TSLA
05/15/2020,53278.0,157776371,5269.0,536699.0,524368.0,TSLA
05/14/2020,535554.0,205232747,5200.0,535574.0,509334.0,TSLA
05/13/2020,527307.0,285982207,54722.0,550667.0,508867.0,TSLA
05/12/2020,539607.0,238603531,551334.0,562194.0,538667.0,TSLA
05/11/2020,54086.0,247793876,527007.0,549334.0,523334.0,TSLA
05/08/2020,54628.0,241951229,52918.0,549334.0,524674.0,TSLA
05/07/2020,520027.0,172915264,51814.0,530934.0,5149.0,TSLA
05/06/2020,52172.0,166848367,517667.0,526534.0,507407.0,TSLA
05/05/2020,51214.0,254874773,526527.0,532614.0,50812.0,TSLA
05/04/2020,50746.0,288556206,467334.0,5080.0,465334.0,TSLA
05/01/2020,467547.0,487976906,503334.0,51518.0,45536.0,TSLA
04/30/2020,521254.0,427077536,570127.0,57988.0,5090.0,TSLA
04/29/2020,533674.0,243239578,52678.0,535467.0,522107.0,TSLA
04/28/2020,512747.0,228329286,530427.0,536667.0,50446.0,TSLA
04/27/2020,5325.0,310221445,49174.0,532994.0,4900.0,TSLA
04/24/2020,483434.0,198564051,473874.0,487154.0,465454.0,TSLA
04/23/2020,47042.0,198550401,485067.0,489334.0,468754.0,TSLA
04/22/2020,488074.0,213372343,46932.0,489334.0,45914.0,TSLA
04/21/2020,457814.0,303136198,486747.0,50222.0,449194.0,TSLA
04/20/2020,497574.0,221195439,488467.0,51038.0,474807.0,TSLA
04/17/2020,502594.0,196923352,514854.0,516634.0,49844.0,TSLA
04/16/2020,496807.0,309867745,47796.0,5063.0,471144.0,TSLA
04/15/2020,486554.0,353654823,494667.0,502087.0,473334.0,TSLA
04/14/2020,47326.0,458647421,46598.0,494587.0,46162.0,TSLA
04/13/2020,433967.0,337131131,39344.0,434667.0,38702.0,TSLA
04/09/2020,3820.0,204749898,374727.0,383455.0,371407.0,TSLA
04/08/2020,365894.0,189840205,369467.0,371472.0,355554.0,TSLA
04/07/2020,363634.0,268796566,363334.0,376667.0,354894.0,TSLA
04/06/2020,34416.0,223527488,3408.0,347334.0,331973.0,TSLA
04/03/2020,320007.0,338431031,339667.0,34366.0,31226.0,TSLA
04/02/2020,30298.0,297876301,320687.0,329507.0,2976.0,TSLA
04/01/2020,32104.0,200297600,3360.0,342637.0,316733.0,TSLA
03/31/2020,349334.0,266572217,334167.0,361974.0,331333.0,TSLA
03/30/2020,334754.0,179970960,340174.0,344432.0,327487.0,TSLA
03/27/2020,342907.0,215661042,336667.0,350534.0,329353.0,TSLA
03/26/2020,352107.0,261331069,364927.0,373334.0,3415.0,TSLA
03/25/2020,3595.0,318341091,3635.0,371334.0,34074.0,TSLA
03/24/2020,336667.0,343427378,3182.0,34246.0,3160.0,TSLA
03/23/2020,289527.0,246818127,289067.0,294667.0,273667.0,TSLA
03/20/2020,28502.0,424282288,292133.0,3180.0,28386.0,TSLA
03/19/2020,285093.0,452931674,249798.0,301333.0,238973.0,TSLA
03/18/2020,240813.0,356792222,259333.0,269907.0,233673.0,TSLA
03/17/2020,2868.0,359918520,29334.0,314567.0,2640.0,TSLA
03/16/2020,296713.0,307341746,3130.0,329913.0,29478.0,TSLA
03/13/2020,364414.0,339603580,396667.0,405047.0,334667.0,TSLA
03/12/2020,3737.0,283635608,38726.0,396334.0,364167.0,TSLA
03/11/2020,42282.0,201203749,4268.0,43572.0,408667.0,TSLA
03/10/2020,43022.0,233916483,43962.0,445334.0,405334.0,TSLA
03/09/2020,405334.0,256105972,403594.0,441999.0,403334.0,TSLA
03/06/2020,468987.0,189943705,460003.0,471334.0,45618.0,TSLA
03/05/2020,483027.0,162789819,482514.0,497167.0,478714.0,TSLA
03/04/2020,499667.0,225734587,509307.0,511014.0,483157.0,TSLA
03/03/2020,497007.0,386759807,536667.0,537987.0,477407.0,TSLA
03/02/2020,495747.0,302924699,474174.0,495794.0,45778.0,TSLA
02/28/2020,445327.0,368462366,4198.0,460347.0,40768.0,TSLA
02/27/2020,452667.0,364157218,486667.0,49318.0,4460.0,TSLA
02/26/2020,5192.0,212307494,521667.0,542207.0,517407.0,TSLA
02/25/2020,533274.0,259357070,5660.0,571067.0,524667.0,TSLA
02/24/2020,55586.0,227882286,559334.0,575667.0,548134.0,TSLA
02/21/2020,600667.0,215091642,604654.0,608707.0,586967.0,TSLA
02/20/2020,599607.0,264523218,607967.0,6080.0,573294.0,TSLA
02/19/2020,611614.0,381344209,615667.0,629854.0,60068.0,TSLA
02/18/2020,572267.0,250475425,561067.0,573334.0,554907.0,TSLA
02/14/2020,533354.0,235405532,524814.0,54198.0,523667.0,TSLA
02/13/2020,5360.0,394340053,49456.0,545334.0,4900.0,TSLA
02/12/2020,511527.0,180336960,51858.0,5265.0,508914.0,TSLA
02/11/2020,516254.0,175461962,512527.0,522338.0,505334.0,TSLA
02/10/2020,514187.0,370337215,533334.0,54666.0,5016.0,TSLA
02/07/2020,498714.0,255952672,487034.0,513167.0,486667.0,TSLA
02/06/2020,499307.0,598210951,466614.0,530554.0,4580.0,TSLA
02/05/2020,4898.0,726357237,54884.0,563987.0,469407.0,TSLA
02/04/2020,591374.0,914080943,58864.0,645994.0,55592.0,TSLA
02/03/2020,5200.0,708502146,449127.0,524094.0,449014.0,TSLA
01/31/2020,433714.0,235788932,426667.0,435334.0,42168.0,TSLA
01/30/2020,427207.0,435084982,421614.0,43392.0,4120.0,TSLA
01/29/2020,387327.0,273249913,383794.0,3932.0,378287.0,TSLA
01/28/2020,377934.0,176827262,378994.0,38454.0,372054.0,TSLA
01/27/2020,372014.0,204120948,361327.0,376294.0,35952.0,TSLA
01/24/2020,376547.0,215303892,38042.0,382574.0,369507.0,TSLA
01/23/2020,381467.0,294765453,376167.0,3880.0,370402.0,TSLA
01/22/2020,379707.0,470535215,38126.0,396334.0,372734.0,TSLA
01/21/2020,3648.0,267051916,3535.0,36572.0,352274.0,TSLA
01/17/2020,340334.0,204435948,338407.0,34378.0,33544.0,TSLA
01/16/2020,342327.0,326049587,329167.0,342974.0,328113.0,TSLA
01/15/2020,345667.0,260532320,353174.0,35856.0,344524.0,TSLA
01/14/2020,358614.0,435920482,362837.0,36494.0,349934.0,TSLA
01/13/2020,349907.0,399518050,3290.0,35042.0,3280.0,TSLA
01/10/2020,318767.0,194652353,321193.0,323293.0,3158.0,TSLA
01/09/2020,320893.0,426947637,3314.0,332533.0,315247.0,TSLA
01/08/2020,328093.0,467990616,3158.0,332327.0,312153.0,TSLA
01/07/2020,312707.0,273136963,3076.0,31442.0,302237.0,TSLA
01/06/2020,301027.0,152362424,293647.0,30104.0,293333.0,TSLA
01/03/2020,29534.0,266920367,293667.0,302667.0,29128.0,TSLA
01/02/2020,28684.0,143375718,2830.0,287131.0,28114.0,TSLA
12/31/2019,278887.0,154386823,2700.0,28086.0,268053.0,TSLA
12/30/2019,276467.0,189018955,28586.0,2860.0,272839.0,TSLA
12/27/2019,28692.0,149352330,2900.0,290207.0,284073.0,TSLA
12/26/2019,287293.0,159724270,285273.0,288987.0,284233.0,TSLA
12/24/2019,2835.0,120820740,278907.0,283647.0,275125.0,TSLA
12/23/2019,27948.0,199992200,27452.0,28134.0,273333.0,TSLA
12/20/2019,270393.0,221778039,273527.0,275333.0,26679.0,TSLA
12/19/2019,26936.0,271804514,26488.0,271233.0,264333.0,TSLA
12/18/2019,2621.0,212045744,253753.0,26348.0,25372.0,TSLA
12/17/2019,25266.0,127556561,25266.0,2570.0,2506.0,TSLA
12/16/2019,254333.0,273313963,2417.0,25574.0,241667.0,TSLA
12/13/2019,238927.0,98614166,2407.0,243473.0,236427.0,TSLA
12/12/2019,239787.0,116643107,236613.0,241827.0,235487.0,TSLA
12/11/2019,235133.0,103787378,234584.0,238127.0,23406.0,TSLA
12/10/2019,23256.0,132599199,22664.0,23382.0,226207.0,TSLA
12/09/2019,226353.0,135603187,224393.0,229633.0,223387.0,TSLA
12/06/2019,223927.0,114283998,223333.0,225907.0,22318.0,TSLA
12/05/2019,220247.0,56054612,221887.0,222949.0,218167.0,TSLA
12/04/2019,22202.0,83043783,225167.0,22524.0,2219.0,TSLA
12/03/2019,224133.0,99202090,221747.0,225273.0,221457.0,TSLA
12/02/2019,223247.0,91229744,2196.0,224255.0,219125.0,TSLA
11/29/2019,21996.0,36984417,22074.0,22084.0,218333.0,TSLA
11/27/2019,22086.0,83451843,220747.0,22262.0,219047.0,TSLA
11/26/2019,21928.0,119343525,223513.0,223667.0,218067.0,TSLA
11/25/2019,224227.0,185186457,229547.0,229713.0,222973.0,TSLA
11/22/2019,222027.0,253059473,226773.0,227333.0,2200.0,TSLA
11/21/2019,236553.0,91650149,23634.0,24056.0,236003.0,TSLA
11/20/2019,234813.0,101009424,2400.0,2408.0,233047.0,TSLA
11/19/2019,23968.0,116041112,2345.0,239993.0,231867.0,TSLA
11/18/2019,233327.0,66127542,235278.0,235433.0,230733.0,TSLA
11/15/2019,23478.0,72188409,23376.0,2352.0,23224.0,TSLA
11/14/2019,2329.0,97075496,23074.0,235893.0,228607.0,TSLA
11/13/2019,23074.0,127017881,236667.0,237553.0,23012.0,TSLA
11/12/2019,233287.0,110390690,231267.0,23358.0,22936.0,TSLA
11/11/2019,23006.0,149905260,2293.0,232793.0,2280.0,TSLA
11/08/2019,22476.0,91113269,2230.0,224973.0,221667.0,TSLA
11/07/2019,223693.0,217010141,219427.0,227667.0,21868.0,TSLA
11/06/2019,21772.0,119113920,2120.0,217813.0,209667.0,TSLA
11/05/2019,21148.0,104151203,21308.0,215673.0,210745.0,TSLA
11/04/2019,211647.0,131805534,209867.0,214627.0,206173.0,TSLA
11/01/2019,208873.0,95758887,21088.0,210987.0,206533.0,TSLA
10/31/2019,209947.0,76004302,208733.0,212667.0,208667.0,TSLA
10/30/2019,210007.0,144627078,208667.0,212527.0,206647.0,TSLA
10/29/2019,210813.0,190263955,213327.0,2162.0,209833.0,TSLA
10/28/2019,218473.0,283054208,21836.0,227227.0,215067.0,TSLA
10/25/2019,218753.0,450091125,19848.0,2200.0,197407.0,TSLA
10/24/2019,199787.0,447288226,198913.0,203287.0,1928.0,TSLA
10/23/2019,169787.0,168242616,169667.0,17076.0,167567.0,TSLA
10/22/2019,170387.0,69376390,169547.0,17222.0,167233.0,TSLA
10/21/2019,1690.0,76621477,17222.0,1730.0,166787.0,TSLA
10/18/2019,1713.0,86304947,1738.0,1752.0,170067.0,TSLA
10/17/2019,174647.0,71685609,1750.0,17652.0,173447.0,TSLA
10/16/2019,173167.0,100564495,171593.0,174733.0,17128.0,TSLA
10/15/2019,171927.0,97191791,1718.0,173333.0,169413.0,TSLA
10/14/2019,171307.0,153402823,165267.0,172367.0,164753.0,TSLA
10/11/2019,16526.0,127322321,164767.0,167387.0,16454.0,TSLA
10/10/2019,16316.0,94701208,16352.0,166187.0,161053.0,TSLA
10/09/2019,16302.0,104025443,16088.0,164863.0,160433.0,TSLA
10/08/2019,160033.0,130535005,157247.0,162627.0,156333.0,TSLA
10/07/2019,15848.0,121304294,1532.0,15904.0,152367.0,TSLA
10/04/2019,154287.0,120317640,154407.0,15652.0,152047.0,TSLA
10/03/2019,155353.0,227066286,154573.0,15632.0,14952.0,TSLA
10/02/2019,162087.0,93848173,162193.0,1631.0,15962.0,TSLA
10/01/2019,163127.0,92944304,1610.0,163967.0,15942.0,TSLA
09/30/2019,16058.0,89192370,1620.0,162653.0,157407.0,TSLA
09/27/2019,16142.0,166847617,161467.0,165807.0,159153.0,TSLA
09/26/2019,161707.0,181181759,153773.0,162207.0,1516.0,TSLA
09/25/2019,152467.0,141664219,149707.0,152653.0,145573.0,TSLA
09/24/2019,148807.0,194116553,161013.0,161327.0,148407.0,TSLA
09/23/2019,16082.0,65874417,1600.0,163453.0,15948.0,TSLA
09/20/2019,160413.0,97593911,164327.0,164631.0,158773.0,TSLA
09/19/2019,1644.0,73246988,1640.0,165293.0,163227.0,TSLA
09/18/2019,162327.0,63421513,163333.0,165446.0,16158.0,TSLA
09/17/2019,163193.0,59203605,161647.0,163733.0,160247.0,TSLA
09/16/2019,161873.0,70921405,1640.0,164953.0,16078.0,TSLA
09/13/2019,163467.0,79697135,16464.0,165633.0,163243.0,TSLA
09/12/2019,163913.0,128718086,165133.0,1690.0,162933.0,TSLA
09/11/2019,164733.0,150641625,158253.0,165449.0,157333.0,TSLA
09/10/2019,157027.0,73255673,153867.0,157027.0,152627.0,TSLA
09/09/2019,154527.0,72039999,153333.0,15584.0,15282.0,TSLA
09/06/2019,151633.0,62840549,151467.0,153093.0,150113.0,TSLA
09/05/2019,153053.0,111049774,148333.0,1532.0,147233.0,TSLA
09/04/2019,14712.0,86530397,15126.0,152307.0,146137.0,TSLA
09/03/2019,150007.0,80408150,149387.0,152633.0,148773.0,TSLA
08/30/2019,150407.0,139916555,152767.0,15496.0,149475.0,TSLA
08/29/2019,147807.0,77746521,1460.0,148933.0,145333.0,TSLA
08/28/2019,143727.0,48579351,14246.0,144833.0,14154.0,TSLA
08/27/2019,14272.0,81310864,143827.0,145867.0,141353.0,TSLA
08/26/2019,143333.0,75816172,1424.0,143347.0,141027.0,TSLA
08/23/2019,140933.0,128395496,146647.0,147447.0,140667.0,TSLA
08/22/2019,1481.0,98474411,148533.0,150267.0,14548.0,TSLA
08/21/2019,14722.0,116996102,148007.0,148813.0,145067.0,TSLA
08/20/2019,150573.0,62557874,151747.0,152727.0,149693.0,TSLA
08/19/2019,15122.0,79676180,149473.0,151887.0,1478.0,TSLA
08/16/2019,146627.0,78110601,14444.0,14816.0,144013.0,TSLA
08/15/2019,14376.0,123479218,14724.0,147707.0,141033.0,TSLA
08/14/2019,146413.0,143438793,15414.0,154333.0,14446.0,TSLA
08/13/2019,156667.0,73034933,15254.0,157333.0,1517.0,TSLA
08/12/2019,152673.0,69959020,155327.0,15718.0,1525.0,TSLA
08/09/2019,156673.0,58473631,157369.0,159307.0,155873.0,TSLA
08/08/2019,158867.0,79115195,1563.0,159867.0,1551.0,TSLA
08/07/2019,155613.0,71647464,1510.0,155713.0,150533.0,TSLA
08/06/2019,153833.0,83462958,154587.0,1550.0,1505.0,TSLA
08/05/2019,152213.0,105424132,153067.0,154245.0,150517.0,TSLA
08/02/2019,156227.0,92047169,154233.0,157513.0,15282.0,TSLA
08/01/2019,1559.0,123892678,161767.0,163007.0,154513.0,TSLA
07/31/2019,161073.0,137673051,1620.0,164453.0,157767.0,TSLA
07/30/2019,161507.0,121635149,155267.0,16224.0,154787.0,TSLA
07/29/2019,15718.0,139099895,151393.0,157293.0,150688.0,TSLA
07/26/2019,152027.0,150415425,15128.0,153507.0,148167.0,TSLA
07/25/2019,152547.0,336273582,155667.0,156333.0,150367.0,TSLA
07/24/2019,176587.0,166092517,17278.0,17738.0,172107.0,TSLA
07/23/2019,173447.0,75346777,17114.0,173653.0,169667.0,TSLA
07/22/2019,170453.0,102694044,1725.0,17477.0,169461.0,TSLA
07/19/2019,17212.0,105726097,17046.0,173307.0,169747.0,TSLA
07/18/2019,169027.0,71467209,170033.0,1705.0,167923.0,TSLA
07/17/2019,169907.0,146470832,170447.0,172207.0,1689.0,TSLA
07/16/2019,168253.0,122234774,1662.0,16902.0,165288.0,TSLA
07/15/2019,1690.0,165001267,165333.0,169613.0,16324.0,TSLA
07/12/2019,163387.0,138007746,159833.0,163587.0,159807.0,TSLA
07/11/2019,159067.0,112716394,15876.0,1610.0,1572.0,TSLA
07/10/2019,15928.0,137185971,1561.0,159293.0,155427.0,TSLA
07/09/2019,153373.0,92862479,152647.0,1540.0,15152.0,TSLA
07/08/2019,15356.0,88208086,15416.0,154833.0,15244.0,TSLA
07/05/2019,1554.0,105986017,15638.0,156967.0,153867.0,TSLA
07/03/2019,1566.0,213017143,159593.0,161047.0,15634.0,TSLA
07/02/2019,1497.0,138885336,152593.0,152767.0,148147.0,TSLA
07/01/2019,151447.0,123569398,153473.0,1554.0,150853.0,TSLA
06/28/2019,148973.0,102770709,147327.0,150113.0,1472.0,TSLA
06/27/2019,14856.0,95095602,1463.0,1486.0,1449.0,TSLA
06/26/2019,14618.0,127608056,146873.0,151487.0,1454.0,TSLA
06/25/2019,146507.0,92731019,149593.0,150227.0,146327.0,TSLA
06/24/2019,149093.0,86261522,148827.0,150573.0,147347.0,TSLA
06/21/2019,147907.0,123031108,144147.0,14812.0,143667.0,TSLA
06/20/2019,146413.0,177951811,148667.0,151267.0,144233.0,TSLA
06/19/2019,150953.0,98626976,150073.0,151847.0,147373.0,TSLA
06/18/2019,149827.0,190736755,15248.0,156493.0,148373.0,TSLA
06/17/2019,15002.0,184751908,143653.0,151333.0,142847.0,TSLA
06/14/2019,14328.0,111500974,140833.0,144433.0,140267.0,TSLA
06/13/2019,142607.0,122523839,140253.0,143267.0,13834.0,TSLA
06/12/2019,139507.0,227962986,148633.0,14892.0,139333.0,TSLA
06/11/2019,144733.0,174803013,146096.0,147267.0,142333.0,TSLA
06/10/2019,14192.0,158775521,140167.0,144627.0,13934.0,TSLA
06/07/2019,136333.0,240052830,136667.0,140563.0,135666.0,TSLA
06/06/2019,1373.0,303632098,136293.0,140667.0,134533.0,TSLA
06/05/2019,13106.0,202661299,132453.0,134186.0,127899.0,TSLA
06/04/2019,129067.0,207112696,120733.0,12932.0,11974.0,TSLA
06/03/2019,119313.0,195966052,123673.0,124453.0,117995.0,TSLA
05/31/2019,12344.0,156100872,1234.0,126614.0,122733.0,TSLA
05/30/2019,12548.0,118897066,125833.0,12817.0,12468.0,TSLA
05/29/2019,126573.0,179529510,124733.0,12826.0,12336.0,TSLA
05/28/2019,1258.0,154693423,127467.0,1300.0,125233.0,TSLA
05/24/2019,127087.0,212048444,13322.0,13332.0,125834.0,TSLA
05/23/2019,130327.0,398206901,12956.0,132977.0,124147.0,TSLA
05/22/2019,128487.0,280277710,132733.0,13596.0,127853.0,TSLA
05/21/2019,13672.0,270058365,13184.0,138267.0,130693.0,TSLA
05/20/2019,136907.0,307892846,1352.0,137333.0,130167.0,TSLA
05/17/2019,140687.0,266799917,147973.0,14816.0,13928.0,TSLA
05/16/2019,15222.0,112249039,152993.0,1540.0,1510.0,TSLA
05/15/2019,154633.0,109439585,15288.0,15496.0,150167.0,TSLA
05/14/2019,154873.0,108786126,152867.0,156333.0,1520.0,TSLA
05/13/2019,15134.0,162521919,154673.0,15498.0,149667.0,TSLA
05/10/2019,15968.0,105124987,159833.0,161327.0,157347.0,TSLA
05/09/2019,16132.0,100670680,161333.0,162453.0,157962.0,TSLA
05/08/2019,163227.0,92646554,164627.0,167066.0,1628.0,TSLA
05/07/2019,164707.0,151971074,1712.0,171473.0,1634.0,TSLA
05/06/2019,170227.0,162509019,16668.0,172233.0,165667.0,TSLA
05/03/2019,17002.0,355601372,162573.0,171073.0,162327.0,TSLA
05/02/2019,162733.0,272389964,16368.0,164753.0,15848.0,TSLA
05/01/2019,156007.0,160565170,159233.0,1600.0,154333.0,TSLA
04/30/2019,159127.0,141704404,161373.0,162807.0,1580.0,TSLA
04/29/2019,16098.0,250299175,15724.0,162653.0,15478.0,TSLA
04/26/2019,15676.0,332267234,164333.0,164453.0,154087.0,TSLA
04/25/2019,165087.0,327350536,1700.0,172667.0,164047.0,TSLA
04/24/2019,17244.0,144855843,1759.0,17688.0,1720.0,TSLA
04/23/2019,175933.0,163640168,173433.0,177067.0,1705.0,TSLA
04/22/2019,175167.0,181525259,179333.0,179787.0,174987.0,TSLA
